Row Labels,Sum of TURN,Sum of ADULT,Sum of CHILD,Sum of PEER,Average of LATITUDE,Average of LONGITUDE,Average of LOCAL TIME,
0.477777778,3,21,5,0,28.69796658,-81.36084642,0.478071136,"21,"
0.478472222,2,19,2,0,28.69782133,-81.35318062,0.47887511,"21,19"
0.479166667,1,15,4,4,28.69824326,-81.35249243,0.479419283,"21,19,15"
0.479861111,1,15,3,0,28.69992833,-81.35204556,0.480320216,"21,19,15,15"
0.480555556,1,10,1,0,28.69986209,-81.35226045,0.480901726,"21,19,15,15,10"
0.48125,0,18,0,0,28.69994522,-81.35228322,0.481645448,"21,19,15,15,10,18"
0.481944444,1,16,3,0,28.70017526,-81.35186332,0.482343445,"21,19,15,15,10,18,16"
0.482638889,2,25,7,0,28.70042784,-81.35144556,0.482966942,"21,19,15,15,10,18,16,25"
0.483333333,0,19,2,1,28.70054695,-81.35127864,0.483818918,"21,19,15,15,10,18,16,25,19"
0.484027778,0,48,0,0,28.70055529,-81.35128763,0.484385851,"21,19,15,15,10,18,16,25,19,48"
0.484722222,0,53,0,0,28.70054187,-81.35127755,0.485077743,"21,19,15,15,10,18,16,25,19,48,53"
0.485416667,4,22,0,0,28.70054023,-81.35122482,0.485705492,"21,19,15,15,10,18,16,25,19,48,53,22"
0.486111111,0,30,0,0,28.70055997,-81.35123517,0.486436343,"21,19,15,15,10,18,16,25,19,48,53,22,30"
0.486805556,0,27,0,0,28.70067015,-81.35120593,0.487011746,"21,19,15,15,10,18,16,25,19,48,53,22,30,27"
0.4875,1,28,2,0,28.70066647,-81.35123887,0.487845293,"21,19,15,15,10,18,16,25,19,48,53,22,30,27,28"
0.488194444,0,47,0,0,28.70064147,-81.35132917,0.488524182,"21,19,15,15,10,18,16,25,19,48,53,22,30,27,28,47"
0.488888889,4,18,7,1,28.7006375,-81.35133532,0.489144759,"21,19,15,15,10,18,16,25,19,48,53,22,30,27,28,47,18"
0.489583333,3,5,10,1,28.70058669,-81.35140413,0.48989511,"21,19,15,15,10,18,16,25,19,48,53,22,30,27,28,47,18,5"
0.490277778,5,7,7,0,28.70032279,-81.35179364,0.490600198,"21,19,15,15,10,18,16,25,19,48,53,22,30,27,28,47,18,5,7"
0.490972222,0,17,5,0,28.70010923,-81.35206705,0.491247896,"21,19,15,15,10,18,16,25,19,48,53,22,30,27,28,47,18,5,7,17"
0.491666667,2,2,11,1,28.69997157,-81.35209614,0.492107308,"21,19,15,15,10,18,16,25,19,48,53,22,30,27,28,47,18,5,7,17,2"
0.492361111,3,24,7,0,28.70007545,-81.35237706,0.49270348,"21,19,15,15,10,18,16,25,19,48,53,22,30,27,28,47,18,5,7,17,2,24"
0.493055556,3,27,8,0,28.69926994,-81.35746323,0.493389881,"21,19,15,15,10,18,16,25,19,48,53,22,30,27,28,47,18,5,7,17,2,24,27"
0.49375,4,28,1,0,28.69815603,-81.3600799,0.494011723,"21,19,15,15,10,18,16,25,19,48,53,22,30,27,28,47,18,5,7,17,2,24,27,28"
0.494444444,2,2,16,0,28.697938,-81.36702839,0.494895833,"21,19,15,15,10,18,16,25,19,48,53,22,30,27,28,47,18,5,7,17,2,24,27,28,2"
0.495138889,6,14,12,0,28.69787931,-81.37076331,0.495409544,"21,19,15,15,10,18,16,25,19,48,53,22,30,27,28,47,18,5,7,17,2,24,27,28,2,14"
0.495833333,10,23,15,0,28.69529384,-81.37169326,0.496258528,"21,19,15,15,10,18,16,25,19,48,53,22,30,27,28,47,18,5,7,17,2,24,27,28,2,14,23"
0.496527778,3,4,10,0,28.69008171,-81.37151836,0.496756779,"21,19,15,15,10,18,16,25,19,48,53,22,30,27,28,47,18,5,7,17,2,24,27,28,2,14,23,4"
0.497222222,1,5,10,1,28.68265425,-81.37381781,0.497586806,"21,19,15,15,10,18,16,25,19,48,53,22,30,27,28,47,18,5,7,17,2,24,27,28,2,14,23,4,5"
0.497916667,1,4,3,0,28.67602843,-81.37392757,0.498141534,"21,19,15,15,10,18,16,25,19,48,53,22,30,27,28,47,18,5,7,17,2,24,27,28,2,14,23,4,5,4"
0.498611111,1,6,6,0,28.66748808,-81.37411525,0.498872492,"21,19,15,15,10,18,16,25,19,48,53,22,30,27,28,47,18,5,7,17,2,24,27,28,2,14,23,4,5,4,6"
0.499305556,1,3,2,0,28.66564267,-81.373717,0.499592978,"21,19,15,15,10,18,16,25,19,48,53,22,30,27,28,47,18,5,7,17,2,24,27,28,2,14,23,4,5,4,6,3"
0.5,0,10,4,0,28.664914,-81.37298257,0.500433201,"21,19,15,15,10,18,16,25,19,48,53,22,30,27,28,47,18,5,7,17,2,24,27,28,2,14,23,4,5,4,6,3,10"
0.500694444,2,16,8,0,28.66503971,-81.37300029,0.500998264,"21,19,15,15,10,18,16,25,19,48,53,22,30,27,28,47,18,5,7,17,2,24,27,28,2,14,23,4,5,4,6,3,10,16"
0.501388889,0,0,1,0,28.665328,-81.372954,0.50150463,"21,19,15,15,10,18,16,25,19,48,53,22,30,27,28,47,18,5,7,17,2,24,27,28,2,14,23,4,5,4,6,3,10,16,0"
0.502083333,0,4,0,0,28.66553175,-81.3728645,0.502364005,"21,19,15,15,10,18,16,25,19,48,53,22,30,27,28,47,18,5,7,17,2,24,27,28,2,14,23,4,5,4,6,3,10,16,0,4"
0.502777778,1,2,4,0,28.66563567,-81.37283417,0.503167438,"21,19,15,15,10,18,16,25,19,48,53,22,30,27,28,47,18,5,7,17,2,24,27,28,2,14,23,4,5,4,6,3,10,16,0,4,2"
0.503472222,0,4,3,0,28.66560657,-81.37293386,0.503892196,"21,19,15,15,10,18,16,25,19,48,53,22,30,27,28,47,18,5,7,17,2,24,27,28,2,14,23,4,5,4,6,3,10,16,0,4,2,4"
0.504166667,4,16,6,0,28.66560609,-81.37295483,0.504594907,"21,19,15,15,10,18,16,25,19,48,53,22,30,27,28,47,18,5,7,17,2,24,27,28,2,14,23,4,5,4,6,3,10,16,0,4,2,4,16"
0.504861111,0,29,0,0,28.66559766,-81.37295745,0.505213921,"21,19,15,15,10,18,16,25,19,48,53,22,30,27,28,47,18,5,7,17,2,24,27,28,2,14,23,4,5,4,6,3,10,16,0,4,2,4,16,29"
0.505555556,1,34,0,0,28.66558566,-81.37295866,0.505839616,"21,19,15,15,10,18,16,25,19,48,53,22,30,27,28,47,18,5,7,17,2,24,27,28,2,14,23,4,5,4,6,3,10,16,0,4,2,4,16,29,34"
0.50625,4,30,2,0,28.66557078,-81.37296238,0.506604818,"21,19,15,15,10,18,16,25,19,48,53,22,30,27,28,47,18,5,7,17,2,24,27,28,2,14,23,4,5,4,6,3,10,16,0,4,2,4,16,29,34,30"
0.506944444,0,36,0,0,28.66556964,-81.37296728,0.507318994,"21,19,15,15,10,18,16,25,19,48,53,22,30,27,28,47,18,5,7,17,2,24,27,28,2,14,23,4,5,4,6,3,10,16,0,4,2,4,16,29,34,30,36"
0.507638889,0,33,0,0,28.66557121,-81.3729717,0.507998387,"21,19,15,15,10,18,16,25,19,48,53,22,30,27,28,47,18,5,7,17,2,24,27,28,2,14,23,4,5,4,6,3,10,16,0,4,2,4,16,29,34,30,36,33"
0.508333333,3,24,4,1,28.66556738,-81.37297455,0.508787117,"21,19,15,15,10,18,16,25,19,48,53,22,30,27,28,47,18,5,7,17,2,24,27,28,2,14,23,4,5,4,6,3,10,16,0,4,2,4,16,29,34,30,36,33,24"
0.509027778,5,20,13,0,28.66549015,-81.37302142,0.50941849,"21,19,15,15,10,18,16,25,19,48,53,22,30,27,28,47,18,5,7,17,2,24,27,28,2,14,23,4,5,4,6,3,10,16,0,4,2,4,16,29,34,30,36,33,24,20"
0.509722222,1,2,3,0,28.665384,-81.3731124,0.50975463,"21,19,15,15,10,18,16,25,19,48,53,22,30,27,28,47,18,5,7,17,2,24,27,28,2,14,23,4,5,4,6,3,10,16,0,4,2,4,16,29,34,30,36,33,24,20,2"
0.510416667,1,6,1,0,28.66555529,-81.37304486,0.510785384,"21,19,15,15,10,18,16,25,19,48,53,22,30,27,28,47,18,5,7,17,2,24,27,28,2,14,23,4,5,4,6,3,10,16,0,4,2,4,16,29,34,30,36,33,24,20,2,6"
0.511111111,0,5,1,0,28.665613,-81.37303783,0.51144483,"21,19,15,15,10,18,16,25,19,48,53,22,30,27,28,47,18,5,7,17,2,24,27,28,2,14,23,4,5,4,6,3,10,16,0,4,2,4,16,29,34,30,36,33,24,20,2,6,5"
0.511805556,2,7,5,0,28.66568583,-81.37307608,0.512172068,"21,19,15,15,10,18,16,25,19,48,53,22,30,27,28,47,18,5,7,17,2,24,27,28,2,14,23,4,5,4,6,3,10,16,0,4,2,4,16,29,34,30,36,33,24,20,2,6,5,7"
0.5125,0,8,5,0,28.66563262,-81.37307069,0.512833868,"21,19,15,15,10,18,16,25,19,48,53,22,30,27,28,47,18,5,7,17,2,24,27,28,2,14,23,4,5,4,6,3,10,16,0,4,2,4,16,29,34,30,36,33,24,20,2,6,5,7,8"
0.513194444,2,6,10,0,28.66547644,-81.37309094,0.513478733,"21,19,15,15,10,18,16,25,19,48,53,22,30,27,28,47,18,5,7,17,2,24,27,28,2,14,23,4,5,4,6,3,10,16,0,4,2,4,16,29,34,30,36,33,24,20,2,6,5,7,8,6"
0.513888889,1,5,4,3,28.6654445,-81.373175,0.514204282,"21,19,15,15,10,18,16,25,19,48,53,22,30,27,28,47,18,5,7,17,2,24,27,28,2,14,23,4,5,4,6,3,10,16,0,4,2,4,16,29,34,30,36,33,24,20,2,6,5,7,8,6,5"
0.514583333,0,1,11,0,28.66563625,-81.37315342,0.515026042,"21,19,15,15,10,18,16,25,19,48,53,22,30,27,28,47,18,5,7,17,2,24,27,28,2,14,23,4,5,4,6,3,10,16,0,4,2,4,16,29,34,30,36,33,24,20,2,6,5,7,8,6,5,1"
0.515277778,2,14,2,0,28.66562206,-81.3733125,0.515682147,"21,19,15,15,10,18,16,25,19,48,53,22,30,27,28,47,18,5,7,17,2,24,27,28,2,14,23,4,5,4,6,3,10,16,0,4,2,4,16,29,34,30,36,33,24,20,2,6,5,7,8,6,5,1,14"
0.515972222,2,6,7,0,28.66568131,-81.37337162,0.516338141,"21,19,15,15,10,18,16,25,19,48,53,22,30,27,28,47,18,5,7,17,2,24,27,28,2,14,23,4,5,4,6,3,10,16,0,4,2,4,16,29,34,30,36,33,24,20,2,6,5,7,8,6,5,1,14,6"
0.516666667,3,9,12,0,28.66563322,-81.37327109,0.516954006,"21,19,15,15,10,18,16,25,19,48,53,22,30,27,28,47,18,5,7,17,2,24,27,28,2,14,23,4,5,4,6,3,10,16,0,4,2,4,16,29,34,30,36,33,24,20,2,6,5,7,8,6,5,1,14,6,9"
0.517361111,0,9,0,0,28.66557967,-81.37313844,0.517600309,"21,19,15,15,10,18,16,25,19,48,53,22,30,27,28,47,18,5,7,17,2,24,27,28,2,14,23,4,5,4,6,3,10,16,0,4,2,4,16,29,34,30,36,33,24,20,2,6,5,7,8,6,5,1,14,6,9,9"
0.518055556,0,4,4,1,28.66563033,-81.37301633,0.518258745,"21,19,15,15,10,18,16,25,19,48,53,22,30,27,28,47,18,5,7,17,2,24,27,28,2,14,23,4,5,4,6,3,10,16,0,4,2,4,16,29,34,30,36,33,24,20,2,6,5,7,8,6,5,1,14,6,9,9,4"
0.51875,1,13,2,0,28.6656624,-81.37301,0.519124228,"21,19,15,15,10,18,16,25,19,48,53,22,30,27,28,47,18,5,7,17,2,24,27,28,2,14,23,4,5,4,6,3,10,16,0,4,2,4,16,29,34,30,36,33,24,20,2,6,5,7,8,6,5,1,14,6,9,9,4,13"
0.519444444,2,8,5,0,28.66566336,-81.37300386,0.519749504,"21,19,15,15,10,18,16,25,19,48,53,22,30,27,28,47,18,5,7,17,2,24,27,28,2,14,23,4,5,4,6,3,10,16,0,4,2,4,16,29,34,30,36,33,24,20,2,6,5,7,8,6,5,1,14,6,9,9,4,13,8"
0.520138889,1,2,3,0,28.6656576,-81.3729952,0.520537037,"21,19,15,15,10,18,16,25,19,48,53,22,30,27,28,47,18,5,7,17,2,24,27,28,2,14,23,4,5,4,6,3,10,16,0,4,2,4,16,29,34,30,36,33,24,20,2,6,5,7,8,6,5,1,14,6,9,9,4,13,8,2"
0.520833333,0,0,1,0,28.665656,-81.372987,0.521296296,"21,19,15,15,10,18,16,25,19,48,53,22,30,27,28,47,18,5,7,17,2,24,27,28,2,14,23,4,5,4,6,3,10,16,0,4,2,4,16,29,34,30,36,33,24,20,2,6,5,7,8,6,5,1,14,6,9,9,4,13,8,2,0"
0.521527778,1,4,1,1,28.66565486,-81.37297729,0.521883267,"21,19,15,15,10,18,16,25,19,48,53,22,30,27,28,47,18,5,7,17,2,24,27,28,2,14,23,4,5,4,6,3,10,16,0,4,2,4,16,29,34,30,36,33,24,20,2,6,5,7,8,6,5,1,14,6,9,9,4,13,8,2,0,4"
0.522222222,2,8,13,0,28.66565414,-81.37297486,0.522486772,"21,19,15,15,10,18,16,25,19,48,53,22,30,27,28,47,18,5,7,17,2,24,27,28,2,14,23,4,5,4,6,3,10,16,0,4,2,4,16,29,34,30,36,33,24,20,2,6,5,7,8,6,5,1,14,6,9,9,4,13,8,2,0,4,8"
0.522916667,2,10,6,0,28.66565731,-81.37290231,0.523242188,"21,19,15,15,10,18,16,25,19,48,53,22,30,27,28,47,18,5,7,17,2,24,27,28,2,14,23,4,5,4,6,3,10,16,0,4,2,4,16,29,34,30,36,33,24,20,2,6,5,7,8,6,5,1,14,6,9,9,4,13,8,2,0,4,8,10"
0.523611111,1,3,6,1,28.6656388,-81.3728637,0.523809028,"21,19,15,15,10,18,16,25,19,48,53,22,30,27,28,47,18,5,7,17,2,24,27,28,2,14,23,4,5,4,6,3,10,16,0,4,2,4,16,29,34,30,36,33,24,20,2,6,5,7,8,6,5,1,14,6,9,9,4,13,8,2,0,4,8,10,3"
0.524305556,3,12,8,1,28.66559286,-81.37290481,0.524689153,"21,19,15,15,10,18,16,25,19,48,53,22,30,27,28,47,18,5,7,17,2,24,27,28,2,14,23,4,5,4,6,3,10,16,0,4,2,4,16,29,34,30,36,33,24,20,2,6,5,7,8,6,5,1,14,6,9,9,4,13,8,2,0,4,8,10,3,12"
0.525,5,14,5,0,28.66547168,-81.37291574,0.525309454,"21,19,15,15,10,18,16,25,19,48,53,22,30,27,28,47,18,5,7,17,2,24,27,28,2,14,23,4,5,4,6,3,10,16,0,4,2,4,16,29,34,30,36,33,24,20,2,6,5,7,8,6,5,1,14,6,9,9,4,13,8,2,0,4,8,10,3,12,14"
0.525694444,0,4,4,0,28.66536025,-81.37309288,0.526070602,"21,19,15,15,10,18,16,25,19,48,53,22,30,27,28,47,18,5,7,17,2,24,27,28,2,14,23,4,5,4,6,3,10,16,0,4,2,4,16,29,34,30,36,33,24,20,2,6,5,7,8,6,5,1,14,6,9,9,4,13,8,2,0,4,8,10,3,12,14,4"
0.526388889,1,1,1,0,28.665352,-81.3731035,0.526550926,"21,19,15,15,10,18,16,25,19,48,53,22,30,27,28,47,18,5,7,17,2,24,27,28,2,14,23,4,5,4,6,3,10,16,0,4,2,4,16,29,34,30,36,33,24,20,2,6,5,7,8,6,5,1,14,6,9,9,4,13,8,2,0,4,8,10,3,12,14,4,1"
0.527083333,0,0,1,0,28.665343,-81.373085,0.527604167,"21,19,15,15,10,18,16,25,19,48,53,22,30,27,28,47,18,5,7,17,2,24,27,28,2,14,23,4,5,4,6,3,10,16,0,4,2,4,16,29,34,30,36,33,24,20,2,6,5,7,8,6,5,1,14,6,9,9,4,13,8,2,0,4,8,10,3,12,14,4,1,0"
0.527777778,0,0,5,0,28.6653408,-81.3730922,0.528240741,"21,19,15,15,10,18,16,25,19,48,53,22,30,27,28,47,18,5,7,17,2,24,27,28,2,14,23,4,5,4,6,3,10,16,0,4,2,4,16,29,34,30,36,33,24,20,2,6,5,7,8,6,5,1,14,6,9,9,4,13,8,2,0,4,8,10,3,12,14,4,1,0,0"
0.528472222,0,0,8,0,28.66533563,-81.37310575,0.528900463,"21,19,15,15,10,18,16,25,19,48,53,22,30,27,28,47,18,5,7,17,2,24,27,28,2,14,23,4,5,4,6,3,10,16,0,4,2,4,16,29,34,30,36,33,24,20,2,6,5,7,8,6,5,1,14,6,9,9,4,13,8,2,0,4,8,10,3,12,14,4,1,0,0,0"
0.529166667,1,1,8,0,28.66529856,-81.37313111,0.529512603,"21,19,15,15,10,18,16,25,19,48,53,22,30,27,28,47,18,5,7,17,2,24,27,28,2,14,23,4,5,4,6,3,10,16,0,4,2,4,16,29,34,30,36,33,24,20,2,6,5,7,8,6,5,1,14,6,9,9,4,13,8,2,0,4,8,10,3,12,14,4,1,0,0,0,1"
0.529861111,0,0,3,0,28.66533333,-81.37311033,0.530208333,"21,19,15,15,10,18,16,25,19,48,53,22,30,27,28,47,18,5,7,17,2,24,27,28,2,14,23,4,5,4,6,3,10,16,0,4,2,4,16,29,34,30,36,33,24,20,2,6,5,7,8,6,5,1,14,6,9,9,4,13,8,2,0,4,8,10,3,12,14,4,1,0,0,0,1,0"
0.530555556,0,1,3,1,28.6653708,-81.3731052,0.530888889,"21,19,15,15,10,18,16,25,19,48,53,22,30,27,28,47,18,5,7,17,2,24,27,28,2,14,23,4,5,4,6,3,10,16,0,4,2,4,16,29,34,30,36,33,24,20,2,6,5,7,8,6,5,1,14,6,9,9,4,13,8,2,0,4,8,10,3,12,14,4,1,0,0,0,1,0,1"
0.53125,0,0,3,0,28.66536333,-81.373124,0.531689815,"21,19,15,15,10,18,16,25,19,48,53,22,30,27,28,47,18,5,7,17,2,24,27,28,2,14,23,4,5,4,6,3,10,16,0,4,2,4,16,29,34,30,36,33,24,20,2,6,5,7,8,6,5,1,14,6,9,9,4,13,8,2,0,4,8,10,3,12,14,4,1,0,0,0,1,0,1,0"
0.531944444,2,8,6,2,28.6651905,-81.37301938,0.532327836,"21,19,15,15,10,18,16,25,19,48,53,22,30,27,28,47,18,5,7,17,2,24,27,28,2,14,23,4,5,4,6,3,10,16,0,4,2,4,16,29,34,30,36,33,24,20,2,6,5,7,8,6,5,1,14,6,9,9,4,13,8,2,0,4,8,10,3,12,14,4,1,0,0,0,1,0,1,0,8"
0.532638889,2,2,10,1,28.66501146,-81.37303308,0.533005698,"21,19,15,15,10,18,16,25,19,48,53,22,30,27,28,47,18,5,7,17,2,24,27,28,2,14,23,4,5,4,6,3,10,16,0,4,2,4,16,29,34,30,36,33,24,20,2,6,5,7,8,6,5,1,14,6,9,9,4,13,8,2,0,4,8,10,3,12,14,4,1,0,0,0,1,0,1,0,8,2"
0.533333333,1,4,6,0,28.6650011,-81.3730164,0.533523148,"21,19,15,15,10,18,16,25,19,48,53,22,30,27,28,47,18,5,7,17,2,24,27,28,2,14,23,4,5,4,6,3,10,16,0,4,2,4,16,29,34,30,36,33,24,20,2,6,5,7,8,6,5,1,14,6,9,9,4,13,8,2,0,4,8,10,3,12,14,4,1,0,0,0,1,0,1,0,8,2,4"
0.534027778,4,14,7,2,28.66490804,-81.37295174,0.534421296,"21,19,15,15,10,18,16,25,19,48,53,22,30,27,28,47,18,5,7,17,2,24,27,28,2,14,23,4,5,4,6,3,10,16,0,4,2,4,16,29,34,30,36,33,24,20,2,6,5,7,8,6,5,1,14,6,9,9,4,13,8,2,0,4,8,10,3,12,14,4,1,0,0,0,1,0,1,0,8,2,4,14"
0.534722222,1,8,0,0,28.665155,-81.3731405,0.534829282,"21,19,15,15,10,18,16,25,19,48,53,22,30,27,28,47,18,5,7,17,2,24,27,28,2,14,23,4,5,4,6,3,10,16,0,4,2,4,16,29,34,30,36,33,24,20,2,6,5,7,8,6,5,1,14,6,9,9,4,13,8,2,0,4,8,10,3,12,14,4,1,0,0,0,1,0,1,0,8,2,4,14,8"
0.535416667,0,5,0,0,28.6682146,-81.3740076,0.535743056,"21,19,15,15,10,18,16,25,19,48,53,22,30,27,28,47,18,5,7,17,2,24,27,28,2,14,23,4,5,4,6,3,10,16,0,4,2,4,16,29,34,30,36,33,24,20,2,6,5,7,8,6,5,1,14,6,9,9,4,13,8,2,0,4,8,10,3,12,14,4,1,0,0,0,1,0,1,0,8,2,4,14,8,5"
0.536111111,1,7,1,0,28.67617238,-81.373854,0.536430845,"21,19,15,15,10,18,16,25,19,48,53,22,30,27,28,47,18,5,7,17,2,24,27,28,2,14,23,4,5,4,6,3,10,16,0,4,2,4,16,29,34,30,36,33,24,20,2,6,5,7,8,6,5,1,14,6,9,9,4,13,8,2,0,4,8,10,3,12,14,4,1,0,0,0,1,0,1,0,8,2,4,14,8,5,7"
0.536805556,0,0,3,0,28.68723167,-81.37273367,0.537364969,"21,19,15,15,10,18,16,25,19,48,53,22,30,27,28,47,18,5,7,17,2,24,27,28,2,14,23,4,5,4,6,3,10,16,0,4,2,4,16,29,34,30,36,33,24,20,2,6,5,7,8,6,5,1,14,6,9,9,4,13,8,2,0,4,8,10,3,12,14,4,1,0,0,0,1,0,1,0,8,2,4,14,8,5,7,0"
0.5375,2,4,4,0,28.69093513,-81.37123888,0.53770978,"21,19,15,15,10,18,16,25,19,48,53,22,30,27,28,47,18,5,7,17,2,24,27,28,2,14,23,4,5,4,6,3,10,16,0,4,2,4,16,29,34,30,36,33,24,20,2,6,5,7,8,6,5,1,14,6,9,9,4,13,8,2,0,4,8,10,3,12,14,4,1,0,0,0,1,0,1,0,8,2,4,14,8,5,7,0,4"
0.538194444,1,4,14,0,28.69763406,-81.37125128,0.538708848,"21,19,15,15,10,18,16,25,19,48,53,22,30,27,28,47,18,5,7,17,2,24,27,28,2,14,23,4,5,4,6,3,10,16,0,4,2,4,16,29,34,30,36,33,24,20,2,6,5,7,8,6,5,1,14,6,9,9,4,13,8,2,0,4,8,10,3,12,14,4,1,0,0,0,1,0,1,0,8,2,4,14,8,5,7,0,4,4"
0.538888889,1,1,3,0,28.6977645,-81.36847225,0.538995949,"21,19,15,15,10,18,16,25,19,48,53,22,30,27,28,47,18,5,7,17,2,24,27,28,2,14,23,4,5,4,6,3,10,16,0,4,2,4,16,29,34,30,36,33,24,20,2,6,5,7,8,6,5,1,14,6,9,9,4,13,8,2,0,4,8,10,3,12,14,4,1,0,0,0,1,0,1,0,8,2,4,14,8,5,7,0,4,4,1"
0.539583333,0,7,2,1,28.6978564,-81.3628757,0.539984954,"21,19,15,15,10,18,16,25,19,48,53,22,30,27,28,47,18,5,7,17,2,24,27,28,2,14,23,4,5,4,6,3,10,16,0,4,2,4,16,29,34,30,36,33,24,20,2,6,5,7,8,6,5,1,14,6,9,9,4,13,8,2,0,4,8,10,3,12,14,4,1,0,0,0,1,0,1,0,8,2,4,14,8,5,7,0,4,4,1,7"
0.540277778,0,9,0,0,28.699046,-81.36227411,0.540524691,"21,19,15,15,10,18,16,25,19,48,53,22,30,27,28,47,18,5,7,17,2,24,27,28,2,14,23,4,5,4,6,3,10,16,0,4,2,4,16,29,34,30,36,33,24,20,2,6,5,7,8,6,5,1,14,6,9,9,4,13,8,2,0,4,8,10,3,12,14,4,1,0,0,0,1,0,1,0,8,2,4,14,8,5,7,0,4,4,1,7,9"
0.540972222,0,3,2,0,28.7062274,-81.3622648,0.541368056,"21,19,15,15,10,18,16,25,19,48,53,22,30,27,28,47,18,5,7,17,2,24,27,28,2,14,23,4,5,4,6,3,10,16,0,4,2,4,16,29,34,30,36,33,24,20,2,6,5,7,8,6,5,1,14,6,9,9,4,13,8,2,0,4,8,10,3,12,14,4,1,0,0,0,1,0,1,0,8,2,4,14,8,5,7,0,4,4,1,7,9,3"
0.541666667,1,7,4,0,28.70958018,-81.36245682,0.541910774,"21,19,15,15,10,18,16,25,19,48,53,22,30,27,28,47,18,5,7,17,2,24,27,28,2,14,23,4,5,4,6,3,10,16,0,4,2,4,16,29,34,30,36,33,24,20,2,6,5,7,8,6,5,1,14,6,9,9,4,13,8,2,0,4,8,10,3,12,14,4,1,0,0,0,1,0,1,0,8,2,4,14,8,5,7,0,4,4,1,7,9,3,7"
0.542361111,6,16,6,0,28.71178382,-81.36295595,0.542748843,"21,19,15,15,10,18,16,25,19,48,53,22,30,27,28,47,18,5,7,17,2,24,27,28,2,14,23,4,5,4,6,3,10,16,0,4,2,4,16,29,34,30,36,33,24,20,2,6,5,7,8,6,5,1,14,6,9,9,4,13,8,2,0,4,8,10,3,12,14,4,1,0,0,0,1,0,1,0,8,2,4,14,8,5,7,0,4,4,1,7,9,3,7,16"
0.543055556,1,8,5,1,28.71157464,-81.36292986,0.543362269,"21,19,15,15,10,18,16,25,19,48,53,22,30,27,28,47,18,5,7,17,2,24,27,28,2,14,23,4,5,4,6,3,10,16,0,4,2,4,16,29,34,30,36,33,24,20,2,6,5,7,8,6,5,1,14,6,9,9,4,13,8,2,0,4,8,10,3,12,14,4,1,0,0,0,1,0,1,0,8,2,4,14,8,5,7,0,4,4,1,7,9,3,7,16,8"
0.54375,1,29,1,1,28.71117887,-81.36287135,0.544091995,"21,19,15,15,10,18,16,25,19,48,53,22,30,27,28,47,18,5,7,17,2,24,27,28,2,14,23,4,5,4,6,3,10,16,0,4,2,4,16,29,34,30,36,33,24,20,2,6,5,7,8,6,5,1,14,6,9,9,4,13,8,2,0,4,8,10,3,12,14,4,1,0,0,0,1,0,1,0,8,2,4,14,8,5,7,0,4,4,1,7,9,3,7,16,8,29"
0.544444444,0,3,0,0,28.71115,-81.362864,0.544525463,"21,19,15,15,10,18,16,25,19,48,53,22,30,27,28,47,18,5,7,17,2,24,27,28,2,14,23,4,5,4,6,3,10,16,0,4,2,4,16,29,34,30,36,33,24,20,2,6,5,7,8,6,5,1,14,6,9,9,4,13,8,2,0,4,8,10,3,12,14,4,1,0,0,0,1,0,1,0,8,2,4,14,8,5,7,0,4,4,1,7,9,3,7,16,8,29,3"
0.545138889,0,3,0,0,28.711137,-81.362862,0.545462963,"21,19,15,15,10,18,16,25,19,48,53,22,30,27,28,47,18,5,7,17,2,24,27,28,2,14,23,4,5,4,6,3,10,16,0,4,2,4,16,29,34,30,36,33,24,20,2,6,5,7,8,6,5,1,14,6,9,9,4,13,8,2,0,4,8,10,3,12,14,4,1,0,0,0,1,0,1,0,8,2,4,14,8,5,7,0,4,4,1,7,9,3,7,16,8,29,3,3"
0.547222222,1,1,1,9,28.69860609,-81.36222345,0.547763047,"21,19,15,15,10,18,16,25,19,48,53,22,30,27,28,47,18,5,7,17,2,24,27,28,2,14,23,4,5,4,6,3,10,16,0,4,2,4,16,29,34,30,36,33,24,20,2,6,5,7,8,6,5,1,14,6,9,9,4,13,8,2,0,4,8,10,3,12,14,4,1,0,0,0,1,0,1,0,8,2,4,14,8,5,7,0,4,4,1,7,9,3,7,16,8,29,3,3,1"
0.547916667,0,4,0,5,28.69811178,-81.36219833,0.548242027,"21,19,15,15,10,18,16,25,19,48,53,22,30,27,28,47,18,5,7,17,2,24,27,28,2,14,23,4,5,4,6,3,10,16,0,4,2,4,16,29,34,30,36,33,24,20,2,6,5,7,8,6,5,1,14,6,9,9,4,13,8,2,0,4,8,10,3,12,14,4,1,0,0,0,1,0,1,0,8,2,4,14,8,5,7,0,4,4,1,7,9,3,7,16,8,29,3,3,1,4"
0.548611111,0,7,0,23,28.6979253,-81.35969137,0.54893287,"21,19,15,15,10,18,16,25,19,48,53,22,30,27,28,47,18,5,7,17,2,24,27,28,2,14,23,4,5,4,6,3,10,16,0,4,2,4,16,29,34,30,36,33,24,20,2,6,5,7,8,6,5,1,14,6,9,9,4,13,8,2,0,4,8,10,3,12,14,4,1,0,0,0,1,0,1,0,8,2,4,14,8,5,7,0,4,4,1,7,9,3,7,16,8,29,3,3,1,4,7"
0.549305556,0,11,10,6,28.69780678,-81.35253804,0.549531893,"21,19,15,15,10,18,16,25,19,48,53,22,30,27,28,47,18,5,7,17,2,24,27,28,2,14,23,4,5,4,6,3,10,16,0,4,2,4,16,29,34,30,36,33,24,20,2,6,5,7,8,6,5,1,14,6,9,9,4,13,8,2,0,4,8,10,3,12,14,4,1,0,0,0,1,0,1,0,8,2,4,14,8,5,7,0,4,4,1,7,9,3,7,16,8,29,3,3,1,4,7,11"
0.55,0,0,0,4,28.69783375,-81.34657975,0.550364583,"21,19,15,15,10,18,16,25,19,48,53,22,30,27,28,47,18,5,7,17,2,24,27,28,2,14,23,4,5,4,6,3,10,16,0,4,2,4,16,29,34,30,36,33,24,20,2,6,5,7,8,6,5,1,14,6,9,9,4,13,8,2,0,4,8,10,3,12,14,4,1,0,0,0,1,0,1,0,8,2,4,14,8,5,7,0,4,4,1,7,9,3,7,16,8,29,3,3,1,4,7,11,0"
0.550694444,0,4,0,6,28.6978379,-81.3443287,0.551030093,"21,19,15,15,10,18,16,25,19,48,53,22,30,27,28,47,18,5,7,17,2,24,27,28,2,14,23,4,5,4,6,3,10,16,0,4,2,4,16,29,34,30,36,33,24,20,2,6,5,7,8,6,5,1,14,6,9,9,4,13,8,2,0,4,8,10,3,12,14,4,1,0,0,0,1,0,1,0,8,2,4,14,8,5,7,0,4,4,1,7,9,3,7,16,8,29,3,3,1,4,7,11,0,4"
0.552083333,0,0,0,1,28.697879,-81.323168,0.552708333,"21,19,15,15,10,18,16,25,19,48,53,22,30,27,28,47,18,5,7,17,2,24,27,28,2,14,23,4,5,4,6,3,10,16,0,4,2,4,16,29,34,30,36,33,24,20,2,6,5,7,8,6,5,1,14,6,9,9,4,13,8,2,0,4,8,10,3,12,14,4,1,0,0,0,1,0,1,0,8,2,4,14,8,5,7,0,4,4,1,7,9,3,7,16,8,29,3,3,1,4,7,11,0,4,0"
0.552777778,0,0,0,1,28.697879,-81.322698,0.552858796,"21,19,15,15,10,18,16,25,19,48,53,22,30,27,28,47,18,5,7,17,2,24,27,28,2,14,23,4,5,4,6,3,10,16,0,4,2,4,16,29,34,30,36,33,24,20,2,6,5,7,8,6,5,1,14,6,9,9,4,13,8,2,0,4,8,10,3,12,14,4,1,0,0,0,1,0,1,0,8,2,4,14,8,5,7,0,4,4,1,7,9,3,7,16,8,29,3,3,1,4,7,11,0,4,0,0"
0.553472222,0,2,0,1,28.69798933,-81.31589467,0.553861883,"21,19,15,15,10,18,16,25,19,48,53,22,30,27,28,47,18,5,7,17,2,24,27,28,2,14,23,4,5,4,6,3,10,16,0,4,2,4,16,29,34,30,36,33,24,20,2,6,5,7,8,6,5,1,14,6,9,9,4,13,8,2,0,4,8,10,3,12,14,4,1,0,0,0,1,0,1,0,8,2,4,14,8,5,7,0,4,4,1,7,9,3,7,16,8,29,3,3,1,4,7,11,0,4,0,0,2"
0.554166667,0,0,1,0,28.698551,-81.306878,0.554756944,"21,19,15,15,10,18,16,25,19,48,53,22,30,27,28,47,18,5,7,17,2,24,27,28,2,14,23,4,5,4,6,3,10,16,0,4,2,4,16,29,34,30,36,33,24,20,2,6,5,7,8,6,5,1,14,6,9,9,4,13,8,2,0,4,8,10,3,12,14,4,1,0,0,0,1,0,1,0,8,2,4,14,8,5,7,0,4,4,1,7,9,3,7,16,8,29,3,3,1,4,7,11,0,4,0,0,2,0"
0.554861111,0,7,1,0,28.69674525,-81.305211,0.555157697,"21,19,15,15,10,18,16,25,19,48,53,22,30,27,28,47,18,5,7,17,2,24,27,28,2,14,23,4,5,4,6,3,10,16,0,4,2,4,16,29,34,30,36,33,24,20,2,6,5,7,8,6,5,1,14,6,9,9,4,13,8,2,0,4,8,10,3,12,14,4,1,0,0,0,1,0,1,0,8,2,4,14,8,5,7,0,4,4,1,7,9,3,7,16,8,29,3,3,1,4,7,11,0,4,0,0,2,0,7"
0.556944444,1,10,5,0,28.6939752,-81.29913573,0.557251543,"21,19,15,15,10,18,16,25,19,48,53,22,30,27,28,47,18,5,7,17,2,24,27,28,2,14,23,4,5,4,6,3,10,16,0,4,2,4,16,29,34,30,36,33,24,20,2,6,5,7,8,6,5,1,14,6,9,9,4,13,8,2,0,4,8,10,3,12,14,4,1,0,0,0,1,0,1,0,8,2,4,14,8,5,7,0,4,4,1,7,9,3,7,16,8,29,3,3,1,4,7,11,0,4,0,0,2,0,7,10"
0.557638889,0,0,1,0,28.694354,-81.300321,0.557650463,"21,19,15,15,10,18,16,25,19,48,53,22,30,27,28,47,18,5,7,17,2,24,27,28,2,14,23,4,5,4,6,3,10,16,0,4,2,4,16,29,34,30,36,33,24,20,2,6,5,7,8,6,5,1,14,6,9,9,4,13,8,2,0,4,8,10,3,12,14,4,1,0,0,0,1,0,1,0,8,2,4,14,8,5,7,0,4,4,1,7,9,3,7,16,8,29,3,3,1,4,7,11,0,4,0,0,2,0,7,10,0"
0.558333333,0,0,0,1,28.694261,-81.300376,0.558657407,"21,19,15,15,10,18,16,25,19,48,53,22,30,27,28,47,18,5,7,17,2,24,27,28,2,14,23,4,5,4,6,3,10,16,0,4,2,4,16,29,34,30,36,33,24,20,2,6,5,7,8,6,5,1,14,6,9,9,4,13,8,2,0,4,8,10,3,12,14,4,1,0,0,0,1,0,1,0,8,2,4,14,8,5,7,0,4,4,1,7,9,3,7,16,8,29,3,3,1,4,7,11,0,4,0,0,2,0,7,10,0,0"
0.559027778,0,1,0,0,28.694235,-81.300309,0.55962963,"21,19,15,15,10,18,16,25,19,48,53,22,30,27,28,47,18,5,7,17,2,24,27,28,2,14,23,4,5,4,6,3,10,16,0,4,2,4,16,29,34,30,36,33,24,20,2,6,5,7,8,6,5,1,14,6,9,9,4,13,8,2,0,4,8,10,3,12,14,4,1,0,0,0,1,0,1,0,8,2,4,14,8,5,7,0,4,4,1,7,9,3,7,16,8,29,3,3,1,4,7,11,0,4,0,0,2,0,7,10,0,0,1"
0.559722222,0,3,0,0,28.694207,-81.300359,0.559826389,"21,19,15,15,10,18,16,25,19,48,53,22,30,27,28,47,18,5,7,17,2,24,27,28,2,14,23,4,5,4,6,3,10,16,0,4,2,4,16,29,34,30,36,33,24,20,2,6,5,7,8,6,5,1,14,6,9,9,4,13,8,2,0,4,8,10,3,12,14,4,1,0,0,0,1,0,1,0,8,2,4,14,8,5,7,0,4,4,1,7,9,3,7,16,8,29,3,3,1,4,7,11,0,4,0,0,2,0,7,10,0,0,1,3"
0.566666667,0,4,1,3,28.69390875,-81.30052363,0.567216435,"21,19,15,15,10,18,16,25,19,48,53,22,30,27,28,47,18,5,7,17,2,24,27,28,2,14,23,4,5,4,6,3,10,16,0,4,2,4,16,29,34,30,36,33,24,20,2,6,5,7,8,6,5,1,14,6,9,9,4,13,8,2,0,4,8,10,3,12,14,4,1,0,0,0,1,0,1,0,8,2,4,14,8,5,7,0,4,4,1,7,9,3,7,16,8,29,3,3,1,4,7,11,0,4,0,0,2,0,7,10,0,0,1,3,4"
0.567361111,6,20,13,0,28.69388597,-81.30052885,0.567739548,"21,19,15,15,10,18,16,25,19,48,53,22,30,27,28,47,18,5,7,17,2,24,27,28,2,14,23,4,5,4,6,3,10,16,0,4,2,4,16,29,34,30,36,33,24,20,2,6,5,7,8,6,5,1,14,6,9,9,4,13,8,2,0,4,8,10,3,12,14,4,1,0,0,0,1,0,1,0,8,2,4,14,8,5,7,0,4,4,1,7,9,3,7,16,8,29,3,3,1,4,7,11,0,4,0,0,2,0,7,10,0,0,1,3,4,20"
0.568055556,1,1,3,1,28.6938414,-81.300477,0.56825,"21,19,15,15,10,18,16,25,19,48,53,22,30,27,28,47,18,5,7,17,2,24,27,28,2,14,23,4,5,4,6,3,10,16,0,4,2,4,16,29,34,30,36,33,24,20,2,6,5,7,8,6,5,1,14,6,9,9,4,13,8,2,0,4,8,10,3,12,14,4,1,0,0,0,1,0,1,0,8,2,4,14,8,5,7,0,4,4,1,7,9,3,7,16,8,29,3,3,1,4,7,11,0,4,0,0,2,0,7,10,0,0,1,3,4,20,1"
0.56875,2,2,12,0,28.69395664,-81.30038907,0.569159226,"21,19,15,15,10,18,16,25,19,48,53,22,30,27,28,47,18,5,7,17,2,24,27,28,2,14,23,4,5,4,6,3,10,16,0,4,2,4,16,29,34,30,36,33,24,20,2,6,5,7,8,6,5,1,14,6,9,9,4,13,8,2,0,4,8,10,3,12,14,4,1,0,0,0,1,0,1,0,8,2,4,14,8,5,7,0,4,4,1,7,9,3,7,16,8,29,3,3,1,4,7,11,0,4,0,0,2,0,7,10,0,0,1,3,4,20,1,2"
0.569444444,0,2,4,0,28.69390867,-81.300477,0.569849537,"21,19,15,15,10,18,16,25,19,48,53,22,30,27,28,47,18,5,7,17,2,24,27,28,2,14,23,4,5,4,6,3,10,16,0,4,2,4,16,29,34,30,36,33,24,20,2,6,5,7,8,6,5,1,14,6,9,9,4,13,8,2,0,4,8,10,3,12,14,4,1,0,0,0,1,0,1,0,8,2,4,14,8,5,7,0,4,4,1,7,9,3,7,16,8,29,3,3,1,4,7,11,0,4,0,0,2,0,7,10,0,0,1,3,4,20,1,2,2"
0.570138889,3,4,12,0,28.69404238,-81.30046506,0.570525174,"21,19,15,15,10,18,16,25,19,48,53,22,30,27,28,47,18,5,7,17,2,24,27,28,2,14,23,4,5,4,6,3,10,16,0,4,2,4,16,29,34,30,36,33,24,20,2,6,5,7,8,6,5,1,14,6,9,9,4,13,8,2,0,4,8,10,3,12,14,4,1,0,0,0,1,0,1,0,8,2,4,14,8,5,7,0,4,4,1,7,9,3,7,16,8,29,3,3,1,4,7,11,0,4,0,0,2,0,7,10,0,0,1,3,4,20,1,2,2,4"
0.570833333,0,0,6,1,28.69425457,-81.30036771,0.57130291,"21,19,15,15,10,18,16,25,19,48,53,22,30,27,28,47,18,5,7,17,2,24,27,28,2,14,23,4,5,4,6,3,10,16,0,4,2,4,16,29,34,30,36,33,24,20,2,6,5,7,8,6,5,1,14,6,9,9,4,13,8,2,0,4,8,10,3,12,14,4,1,0,0,0,1,0,1,0,8,2,4,14,8,5,7,0,4,4,1,7,9,3,7,16,8,29,3,3,1,4,7,11,0,4,0,0,2,0,7,10,0,0,1,3,4,20,1,2,2,4,0"
0.571527778,0,2,0,1,28.69419633,-81.30034867,0.571882716,"21,19,15,15,10,18,16,25,19,48,53,22,30,27,28,47,18,5,7,17,2,24,27,28,2,14,23,4,5,4,6,3,10,16,0,4,2,4,16,29,34,30,36,33,24,20,2,6,5,7,8,6,5,1,14,6,9,9,4,13,8,2,0,4,8,10,3,12,14,4,1,0,0,0,1,0,1,0,8,2,4,14,8,5,7,0,4,4,1,7,9,3,7,16,8,29,3,3,1,4,7,11,0,4,0,0,2,0,7,10,0,0,1,3,4,20,1,2,2,4,0,2"
0.572222222,0,2,2,0,28.69426,-81.300532,0.572398727,"21,19,15,15,10,18,16,25,19,48,53,22,30,27,28,47,18,5,7,17,2,24,27,28,2,14,23,4,5,4,6,3,10,16,0,4,2,4,16,29,34,30,36,33,24,20,2,6,5,7,8,6,5,1,14,6,9,9,4,13,8,2,0,4,8,10,3,12,14,4,1,0,0,0,1,0,1,0,8,2,4,14,8,5,7,0,4,4,1,7,9,3,7,16,8,29,3,3,1,4,7,11,0,4,0,0,2,0,7,10,0,0,1,3,4,20,1,2,2,4,0,2,2"
0.572916667,3,10,7,2,28.69426584,-81.30031968,0.573407042,"21,19,15,15,10,18,16,25,19,48,53,22,30,27,28,47,18,5,7,17,2,24,27,28,2,14,23,4,5,4,6,3,10,16,0,4,2,4,16,29,34,30,36,33,24,20,2,6,5,7,8,6,5,1,14,6,9,9,4,13,8,2,0,4,8,10,3,12,14,4,1,0,0,0,1,0,1,0,8,2,4,14,8,5,7,0,4,4,1,7,9,3,7,16,8,29,3,3,1,4,7,11,0,4,0,0,2,0,7,10,0,0,1,3,4,20,1,2,2,4,0,2,2,10"
0.573611111,3,20,5,0,28.69424631,-81.30030881,0.573999288,"21,19,15,15,10,18,16,25,19,48,53,22,30,27,28,47,18,5,7,17,2,24,27,28,2,14,23,4,5,4,6,3,10,16,0,4,2,4,16,29,34,30,36,33,24,20,2,6,5,7,8,6,5,1,14,6,9,9,4,13,8,2,0,4,8,10,3,12,14,4,1,0,0,0,1,0,1,0,8,2,4,14,8,5,7,0,4,4,1,7,9,3,7,16,8,29,3,3,1,4,7,11,0,4,0,0,2,0,7,10,0,0,1,3,4,20,1,2,2,4,0,2,2,10,20"
0.574305556,2,11,2,0,28.69426715,-81.30032323,0.574441774,"21,19,15,15,10,18,16,25,19,48,53,22,30,27,28,47,18,5,7,17,2,24,27,28,2,14,23,4,5,4,6,3,10,16,0,4,2,4,16,29,34,30,36,33,24,20,2,6,5,7,8,6,5,1,14,6,9,9,4,13,8,2,0,4,8,10,3,12,14,4,1,0,0,0,1,0,1,0,8,2,4,14,8,5,7,0,4,4,1,7,9,3,7,16,8,29,3,3,1,4,7,11,0,4,0,0,2,0,7,10,0,0,1,3,4,20,1,2,2,4,0,2,2,10,20,11"
0.575,2,5,13,0,28.69431122,-81.30030978,0.575333719,"21,19,15,15,10,18,16,25,19,48,53,22,30,27,28,47,18,5,7,17,2,24,27,28,2,14,23,4,5,4,6,3,10,16,0,4,2,4,16,29,34,30,36,33,24,20,2,6,5,7,8,6,5,1,14,6,9,9,4,13,8,2,0,4,8,10,3,12,14,4,1,0,0,0,1,0,1,0,8,2,4,14,8,5,7,0,4,4,1,7,9,3,7,16,8,29,3,3,1,4,7,11,0,4,0,0,2,0,7,10,0,0,1,3,4,20,1,2,2,4,0,2,2,10,20,11,5"
0.575694444,0,0,13,2,28.69434527,-81.30025667,0.575982253,"21,19,15,15,10,18,16,25,19,48,53,22,30,27,28,47,18,5,7,17,2,24,27,28,2,14,23,4,5,4,6,3,10,16,0,4,2,4,16,29,34,30,36,33,24,20,2,6,5,7,8,6,5,1,14,6,9,9,4,13,8,2,0,4,8,10,3,12,14,4,1,0,0,0,1,0,1,0,8,2,4,14,8,5,7,0,4,4,1,7,9,3,7,16,8,29,3,3,1,4,7,11,0,4,0,0,2,0,7,10,0,0,1,3,4,20,1,2,2,4,0,2,2,10,20,11,5,0"
0.576388889,0,0,14,0,28.69473079,-81.29833807,0.57672123,"21,19,15,15,10,18,16,25,19,48,53,22,30,27,28,47,18,5,7,17,2,24,27,28,2,14,23,4,5,4,6,3,10,16,0,4,2,4,16,29,34,30,36,33,24,20,2,6,5,7,8,6,5,1,14,6,9,9,4,13,8,2,0,4,8,10,3,12,14,4,1,0,0,0,1,0,1,0,8,2,4,14,8,5,7,0,4,4,1,7,9,3,7,16,8,29,3,3,1,4,7,11,0,4,0,0,2,0,7,10,0,0,1,3,4,20,1,2,2,4,0,2,2,10,20,11,5,0,0"
0.577083333,0,2,15,0,28.69672082,-81.29496676,0.577419662,"21,19,15,15,10,18,16,25,19,48,53,22,30,27,28,47,18,5,7,17,2,24,27,28,2,14,23,4,5,4,6,3,10,16,0,4,2,4,16,29,34,30,36,33,24,20,2,6,5,7,8,6,5,1,14,6,9,9,4,13,8,2,0,4,8,10,3,12,14,4,1,0,0,0,1,0,1,0,8,2,4,14,8,5,7,0,4,4,1,7,9,3,7,16,8,29,3,3,1,4,7,11,0,4,0,0,2,0,7,10,0,0,1,3,4,20,1,2,2,4,0,2,2,10,20,11,5,0,0,2"
0.577777778,0,0,3,0,28.700236,-81.295622,0.577800926,"21,19,15,15,10,18,16,25,19,48,53,22,30,27,28,47,18,5,7,17,2,24,27,28,2,14,23,4,5,4,6,3,10,16,0,4,2,4,16,29,34,30,36,33,24,20,2,6,5,7,8,6,5,1,14,6,9,9,4,13,8,2,0,4,8,10,3,12,14,4,1,0,0,0,1,0,1,0,8,2,4,14,8,5,7,0,4,4,1,7,9,3,7,16,8,29,3,3,1,4,7,11,0,4,0,0,2,0,7,10,0,0,1,3,4,20,1,2,2,4,0,2,2,10,20,11,5,0,0,2,0"
0.579861111,2,3,4,0,28.726927,-81.30951357,0.580456349,"21,19,15,15,10,18,16,25,19,48,53,22,30,27,28,47,18,5,7,17,2,24,27,28,2,14,23,4,5,4,6,3,10,16,0,4,2,4,16,29,34,30,36,33,24,20,2,6,5,7,8,6,5,1,14,6,9,9,4,13,8,2,0,4,8,10,3,12,14,4,1,0,0,0,1,0,1,0,8,2,4,14,8,5,7,0,4,4,1,7,9,3,7,16,8,29,3,3,1,4,7,11,0,4,0,0,2,0,7,10,0,0,1,3,4,20,1,2,2,4,0,2,2,10,20,11,5,0,0,2,0,3"
0.580555556,5,17,6,0,28.73207204,-81.308144,0.580954106,"21,19,15,15,10,18,16,25,19,48,53,22,30,27,28,47,18,5,7,17,2,24,27,28,2,14,23,4,5,4,6,3,10,16,0,4,2,4,16,29,34,30,36,33,24,20,2,6,5,7,8,6,5,1,14,6,9,9,4,13,8,2,0,4,8,10,3,12,14,4,1,0,0,0,1,0,1,0,8,2,4,14,8,5,7,0,4,4,1,7,9,3,7,16,8,29,3,3,1,4,7,11,0,4,0,0,2,0,7,10,0,0,1,3,4,20,1,2,2,4,0,2,2,10,20,11,5,0,0,2,0,3,17"
0.58125,2,5,9,0,28.73702307,-81.30035193,0.58162037,"21,19,15,15,10,18,16,25,19,48,53,22,30,27,28,47,18,5,7,17,2,24,27,28,2,14,23,4,5,4,6,3,10,16,0,4,2,4,16,29,34,30,36,33,24,20,2,6,5,7,8,6,5,1,14,6,9,9,4,13,8,2,0,4,8,10,3,12,14,4,1,0,0,0,1,0,1,0,8,2,4,14,8,5,7,0,4,4,1,7,9,3,7,16,8,29,3,3,1,4,7,11,0,4,0,0,2,0,7,10,0,0,1,3,4,20,1,2,2,4,0,2,2,10,20,11,5,0,0,2,0,3,17,5"
0.581944444,4,7,18,0,28.74246244,-81.288548,0.582370833,"21,19,15,15,10,18,16,25,19,48,53,22,30,27,28,47,18,5,7,17,2,24,27,28,2,14,23,4,5,4,6,3,10,16,0,4,2,4,16,29,34,30,36,33,24,20,2,6,5,7,8,6,5,1,14,6,9,9,4,13,8,2,0,4,8,10,3,12,14,4,1,0,0,0,1,0,1,0,8,2,4,14,8,5,7,0,4,4,1,7,9,3,7,16,8,29,3,3,1,4,7,11,0,4,0,0,2,0,7,10,0,0,1,3,4,20,1,2,2,4,0,2,2,10,20,11,5,0,0,2,0,3,17,5,7"
0.582638889,4,11,14,0,28.74799332,-81.28070312,0.582899537,"21,19,15,15,10,18,16,25,19,48,53,22,30,27,28,47,18,5,7,17,2,24,27,28,2,14,23,4,5,4,6,3,10,16,0,4,2,4,16,29,34,30,36,33,24,20,2,6,5,7,8,6,5,1,14,6,9,9,4,13,8,2,0,4,8,10,3,12,14,4,1,0,0,0,1,0,1,0,8,2,4,14,8,5,7,0,4,4,1,7,9,3,7,16,8,29,3,3,1,4,7,11,0,4,0,0,2,0,7,10,0,0,1,3,4,20,1,2,2,4,0,2,2,10,20,11,5,0,0,2,0,3,17,5,7,11"
0.583333333,1,5,5,0,28.7557673,-81.2715512,0.583586806,"21,19,15,15,10,18,16,25,19,48,53,22,30,27,28,47,18,5,7,17,2,24,27,28,2,14,23,4,5,4,6,3,10,16,0,4,2,4,16,29,34,30,36,33,24,20,2,6,5,7,8,6,5,1,14,6,9,9,4,13,8,2,0,4,8,10,3,12,14,4,1,0,0,0,1,0,1,0,8,2,4,14,8,5,7,0,4,4,1,7,9,3,7,16,8,29,3,3,1,4,7,11,0,4,0,0,2,0,7,10,0,0,1,3,4,20,1,2,2,4,0,2,2,10,20,11,5,0,0,2,0,3,17,5,7,11,5"
0.584027778,1,12,1,0,28.76019308,-81.26718008,0.584270833,"21,19,15,15,10,18,16,25,19,48,53,22,30,27,28,47,18,5,7,17,2,24,27,28,2,14,23,4,5,4,6,3,10,16,0,4,2,4,16,29,34,30,36,33,24,20,2,6,5,7,8,6,5,1,14,6,9,9,4,13,8,2,0,4,8,10,3,12,14,4,1,0,0,0,1,0,1,0,8,2,4,14,8,5,7,0,4,4,1,7,9,3,7,16,8,29,3,3,1,4,7,11,0,4,0,0,2,0,7,10,0,0,1,3,4,20,1,2,2,4,0,2,2,10,20,11,5,0,0,2,0,3,17,5,7,11,5,12"
0.584722222,4,10,4,0,28.76037814,-81.27572171,0.585060351,"21,19,15,15,10,18,16,25,19,48,53,22,30,27,28,47,18,5,7,17,2,24,27,28,2,14,23,4,5,4,6,3,10,16,0,4,2,4,16,29,34,30,36,33,24,20,2,6,5,7,8,6,5,1,14,6,9,9,4,13,8,2,0,4,8,10,3,12,14,4,1,0,0,0,1,0,1,0,8,2,4,14,8,5,7,0,4,4,1,7,9,3,7,16,8,29,3,3,1,4,7,11,0,4,0,0,2,0,7,10,0,0,1,3,4,20,1,2,2,4,0,2,2,10,20,11,5,0,0,2,0,3,17,5,7,11,5,12,10"
0.585416667,1,9,2,0,28.76056736,-81.27609291,0.585794402,"21,19,15,15,10,18,16,25,19,48,53,22,30,27,28,47,18,5,7,17,2,24,27,28,2,14,23,4,5,4,6,3,10,16,0,4,2,4,16,29,34,30,36,33,24,20,2,6,5,7,8,6,5,1,14,6,9,9,4,13,8,2,0,4,8,10,3,12,14,4,1,0,0,0,1,0,1,0,8,2,4,14,8,5,7,0,4,4,1,7,9,3,7,16,8,29,3,3,1,4,7,11,0,4,0,0,2,0,7,10,0,0,1,3,4,20,1,2,2,4,0,2,2,10,20,11,5,0,0,2,0,3,17,5,7,11,5,12,10,9"
0.586111111,0,16,0,0,28.76059119,-81.27605831,0.586629051,"21,19,15,15,10,18,16,25,19,48,53,22,30,27,28,47,18,5,7,17,2,24,27,28,2,14,23,4,5,4,6,3,10,16,0,4,2,4,16,29,34,30,36,33,24,20,2,6,5,7,8,6,5,1,14,6,9,9,4,13,8,2,0,4,8,10,3,12,14,4,1,0,0,0,1,0,1,0,8,2,4,14,8,5,7,0,4,4,1,7,9,3,7,16,8,29,3,3,1,4,7,11,0,4,0,0,2,0,7,10,0,0,1,3,4,20,1,2,2,4,0,2,2,10,20,11,5,0,0,2,0,3,17,5,7,11,5,12,10,9,16"
0.586805556,0,19,0,0,28.76119947,-81.27561284,0.587157042,"21,19,15,15,10,18,16,25,19,48,53,22,30,27,28,47,18,5,7,17,2,24,27,28,2,14,23,4,5,4,6,3,10,16,0,4,2,4,16,29,34,30,36,33,24,20,2,6,5,7,8,6,5,1,14,6,9,9,4,13,8,2,0,4,8,10,3,12,14,4,1,0,0,0,1,0,1,0,8,2,4,14,8,5,7,0,4,4,1,7,9,3,7,16,8,29,3,3,1,4,7,11,0,4,0,0,2,0,7,10,0,0,1,3,4,20,1,2,2,4,0,2,2,10,20,11,5,0,0,2,0,3,17,5,7,11,5,12,10,9,16,19"
0.5875,0,36,0,0,28.76184803,-81.27457303,0.587796746,"21,19,15,15,10,18,16,25,19,48,53,22,30,27,28,47,18,5,7,17,2,24,27,28,2,14,23,4,5,4,6,3,10,16,0,4,2,4,16,29,34,30,36,33,24,20,2,6,5,7,8,6,5,1,14,6,9,9,4,13,8,2,0,4,8,10,3,12,14,4,1,0,0,0,1,0,1,0,8,2,4,14,8,5,7,0,4,4,1,7,9,3,7,16,8,29,3,3,1,4,7,11,0,4,0,0,2,0,7,10,0,0,1,3,4,20,1,2,2,4,0,2,2,10,20,11,5,0,0,2,0,3,17,5,7,11,5,12,10,9,16,19,36"
0.588194444,0,6,0,0,28.7618495,-81.27449067,0.588715278,"21,19,15,15,10,18,16,25,19,48,53,22,30,27,28,47,18,5,7,17,2,24,27,28,2,14,23,4,5,4,6,3,10,16,0,4,2,4,16,29,34,30,36,33,24,20,2,6,5,7,8,6,5,1,14,6,9,9,4,13,8,2,0,4,8,10,3,12,14,4,1,0,0,0,1,0,1,0,8,2,4,14,8,5,7,0,4,4,1,7,9,3,7,16,8,29,3,3,1,4,7,11,0,4,0,0,2,0,7,10,0,0,1,3,4,20,1,2,2,4,0,2,2,10,20,11,5,0,0,2,0,3,17,5,7,11,5,12,10,9,16,19,36,6"
0.588888889,0,21,0,0,28.76178381,-81.27451157,0.58927414,"21,19,15,15,10,18,16,25,19,48,53,22,30,27,28,47,18,5,7,17,2,24,27,28,2,14,23,4,5,4,6,3,10,16,0,4,2,4,16,29,34,30,36,33,24,20,2,6,5,7,8,6,5,1,14,6,9,9,4,13,8,2,0,4,8,10,3,12,14,4,1,0,0,0,1,0,1,0,8,2,4,14,8,5,7,0,4,4,1,7,9,3,7,16,8,29,3,3,1,4,7,11,0,4,0,0,2,0,7,10,0,0,1,3,4,20,1,2,2,4,0,2,2,10,20,11,5,0,0,2,0,3,17,5,7,11,5,12,10,9,16,19,36,6,21"
0.589583333,0,23,0,0,28.76171835,-81.27456648,0.589991948,"21,19,15,15,10,18,16,25,19,48,53,22,30,27,28,47,18,5,7,17,2,24,27,28,2,14,23,4,5,4,6,3,10,16,0,4,2,4,16,29,34,30,36,33,24,20,2,6,5,7,8,6,5,1,14,6,9,9,4,13,8,2,0,4,8,10,3,12,14,4,1,0,0,0,1,0,1,0,8,2,4,14,8,5,7,0,4,4,1,7,9,3,7,16,8,29,3,3,1,4,7,11,0,4,0,0,2,0,7,10,0,0,1,3,4,20,1,2,2,4,0,2,2,10,20,11,5,0,0,2,0,3,17,5,7,11,5,12,10,9,16,19,36,6,21,23"
0.590277778,0,16,0,0,28.76172763,-81.27451569,0.590560619,"21,19,15,15,10,18,16,25,19,48,53,22,30,27,28,47,18,5,7,17,2,24,27,28,2,14,23,4,5,4,6,3,10,16,0,4,2,4,16,29,34,30,36,33,24,20,2,6,5,7,8,6,5,1,14,6,9,9,4,13,8,2,0,4,8,10,3,12,14,4,1,0,0,0,1,0,1,0,8,2,4,14,8,5,7,0,4,4,1,7,9,3,7,16,8,29,3,3,1,4,7,11,0,4,0,0,2,0,7,10,0,0,1,3,4,20,1,2,2,4,0,2,2,10,20,11,5,0,0,2,0,3,17,5,7,11,5,12,10,9,16,19,36,6,21,23,16"
0.590972222,0,16,0,0,28.76182706,-81.27450144,0.591331019,"21,19,15,15,10,18,16,25,19,48,53,22,30,27,28,47,18,5,7,17,2,24,27,28,2,14,23,4,5,4,6,3,10,16,0,4,2,4,16,29,34,30,36,33,24,20,2,6,5,7,8,6,5,1,14,6,9,9,4,13,8,2,0,4,8,10,3,12,14,4,1,0,0,0,1,0,1,0,8,2,4,14,8,5,7,0,4,4,1,7,9,3,7,16,8,29,3,3,1,4,7,11,0,4,0,0,2,0,7,10,0,0,1,3,4,20,1,2,2,4,0,2,2,10,20,11,5,0,0,2,0,3,17,5,7,11,5,12,10,9,16,19,36,6,21,23,16,16"
0.591666667,0,30,0,0,28.76189017,-81.2743837,0.592013889,"21,19,15,15,10,18,16,25,19,48,53,22,30,27,28,47,18,5,7,17,2,24,27,28,2,14,23,4,5,4,6,3,10,16,0,4,2,4,16,29,34,30,36,33,24,20,2,6,5,7,8,6,5,1,14,6,9,9,4,13,8,2,0,4,8,10,3,12,14,4,1,0,0,0,1,0,1,0,8,2,4,14,8,5,7,0,4,4,1,7,9,3,7,16,8,29,3,3,1,4,7,11,0,4,0,0,2,0,7,10,0,0,1,3,4,20,1,2,2,4,0,2,2,10,20,11,5,0,0,2,0,3,17,5,7,11,5,12,10,9,16,19,36,6,21,23,16,16,30"
0.592361111,0,10,0,0,28.7618297,-81.2745033,0.592614583,"21,19,15,15,10,18,16,25,19,48,53,22,30,27,28,47,18,5,7,17,2,24,27,28,2,14,23,4,5,4,6,3,10,16,0,4,2,4,16,29,34,30,36,33,24,20,2,6,5,7,8,6,5,1,14,6,9,9,4,13,8,2,0,4,8,10,3,12,14,4,1,0,0,0,1,0,1,0,8,2,4,14,8,5,7,0,4,4,1,7,9,3,7,16,8,29,3,3,1,4,7,11,0,4,0,0,2,0,7,10,0,0,1,3,4,20,1,2,2,4,0,2,2,10,20,11,5,0,0,2,0,3,17,5,7,11,5,12,10,9,16,19,36,6,21,23,16,16,30,10"
0.593055556,0,17,0,0,28.76090594,-81.27588059,0.593551879,"21,19,15,15,10,18,16,25,19,48,53,22,30,27,28,47,18,5,7,17,2,24,27,28,2,14,23,4,5,4,6,3,10,16,0,4,2,4,16,29,34,30,36,33,24,20,2,6,5,7,8,6,5,1,14,6,9,9,4,13,8,2,0,4,8,10,3,12,14,4,1,0,0,0,1,0,1,0,8,2,4,14,8,5,7,0,4,4,1,7,9,3,7,16,8,29,3,3,1,4,7,11,0,4,0,0,2,0,7,10,0,0,1,3,4,20,1,2,2,4,0,2,2,10,20,11,5,0,0,2,0,3,17,5,7,11,5,12,10,9,16,19,36,6,21,23,16,16,30,10,17"
0.59375,0,8,0,0,28.76033788,-81.27594513,0.59396412,"21,19,15,15,10,18,16,25,19,48,53,22,30,27,28,47,18,5,7,17,2,24,27,28,2,14,23,4,5,4,6,3,10,16,0,4,2,4,16,29,34,30,36,33,24,20,2,6,5,7,8,6,5,1,14,6,9,9,4,13,8,2,0,4,8,10,3,12,14,4,1,0,0,0,1,0,1,0,8,2,4,14,8,5,7,0,4,4,1,7,9,3,7,16,8,29,3,3,1,4,7,11,0,4,0,0,2,0,7,10,0,0,1,3,4,20,1,2,2,4,0,2,2,10,20,11,5,0,0,2,0,3,17,5,7,11,5,12,10,9,16,19,36,6,21,23,16,16,30,10,17,8"
0.594444444,0,10,0,0,28.7599896,-81.2707237,0.594831019,"21,19,15,15,10,18,16,25,19,48,53,22,30,27,28,47,18,5,7,17,2,24,27,28,2,14,23,4,5,4,6,3,10,16,0,4,2,4,16,29,34,30,36,33,24,20,2,6,5,7,8,6,5,1,14,6,9,9,4,13,8,2,0,4,8,10,3,12,14,4,1,0,0,0,1,0,1,0,8,2,4,14,8,5,7,0,4,4,1,7,9,3,7,16,8,29,3,3,1,4,7,11,0,4,0,0,2,0,7,10,0,0,1,3,4,20,1,2,2,4,0,2,2,10,20,11,5,0,0,2,0,3,17,5,7,11,5,12,10,9,16,19,36,6,21,23,16,16,30,10,17,8,10"
0.595138889,0,5,0,0,28.7599738,-81.2670336,0.595224537,"21,19,15,15,10,18,16,25,19,48,53,22,30,27,28,47,18,5,7,17,2,24,27,28,2,14,23,4,5,4,6,3,10,16,0,4,2,4,16,29,34,30,36,33,24,20,2,6,5,7,8,6,5,1,14,6,9,9,4,13,8,2,0,4,8,10,3,12,14,4,1,0,0,0,1,0,1,0,8,2,4,14,8,5,7,0,4,4,1,7,9,3,7,16,8,29,3,3,1,4,7,11,0,4,0,0,2,0,7,10,0,0,1,3,4,20,1,2,2,4,0,2,2,10,20,11,5,0,0,2,0,3,17,5,7,11,5,12,10,9,16,19,36,6,21,23,16,16,30,10,17,8,10,5"
0.595833333,0,5,0,0,28.7524104,-81.2761934,0.596164352,"21,19,15,15,10,18,16,25,19,48,53,22,30,27,28,47,18,5,7,17,2,24,27,28,2,14,23,4,5,4,6,3,10,16,0,4,2,4,16,29,34,30,36,33,24,20,2,6,5,7,8,6,5,1,14,6,9,9,4,13,8,2,0,4,8,10,3,12,14,4,1,0,0,0,1,0,1,0,8,2,4,14,8,5,7,0,4,4,1,7,9,3,7,16,8,29,3,3,1,4,7,11,0,4,0,0,2,0,7,10,0,0,1,3,4,20,1,2,2,4,0,2,2,10,20,11,5,0,0,2,0,3,17,5,7,11,5,12,10,9,16,19,36,6,21,23,16,16,30,10,17,8,10,5,5"
0.596527778,0,14,0,0,28.74422486,-81.28593643,0.596884094,"21,19,15,15,10,18,16,25,19,48,53,22,30,27,28,47,18,5,7,17,2,24,27,28,2,14,23,4,5,4,6,3,10,16,0,4,2,4,16,29,34,30,36,33,24,20,2,6,5,7,8,6,5,1,14,6,9,9,4,13,8,2,0,4,8,10,3,12,14,4,1,0,0,0,1,0,1,0,8,2,4,14,8,5,7,0,4,4,1,7,9,3,7,16,8,29,3,3,1,4,7,11,0,4,0,0,2,0,7,10,0,0,1,3,4,20,1,2,2,4,0,2,2,10,20,11,5,0,0,2,0,3,17,5,7,11,5,12,10,9,16,19,36,6,21,23,16,16,30,10,17,8,10,5,5,14"
0.597222222,2,15,1,0,28.73851841,-81.298428,0.597666803,"21,19,15,15,10,18,16,25,19,48,53,22,30,27,28,47,18,5,7,17,2,24,27,28,2,14,23,4,5,4,6,3,10,16,0,4,2,4,16,29,34,30,36,33,24,20,2,6,5,7,8,6,5,1,14,6,9,9,4,13,8,2,0,4,8,10,3,12,14,4,1,0,0,0,1,0,1,0,8,2,4,14,8,5,7,0,4,4,1,7,9,3,7,16,8,29,3,3,1,4,7,11,0,4,0,0,2,0,7,10,0,0,1,3,4,20,1,2,2,4,0,2,2,10,20,11,5,0,0,2,0,3,17,5,7,11,5,12,10,9,16,19,36,6,21,23,16,16,30,10,17,8,10,5,5,14,15"
0.597916667,5,12,6,0,28.73313978,-81.3063315,0.59833912,"21,19,15,15,10,18,16,25,19,48,53,22,30,27,28,47,18,5,7,17,2,24,27,28,2,14,23,4,5,4,6,3,10,16,0,4,2,4,16,29,34,30,36,33,24,20,2,6,5,7,8,6,5,1,14,6,9,9,4,13,8,2,0,4,8,10,3,12,14,4,1,0,0,0,1,0,1,0,8,2,4,14,8,5,7,0,4,4,1,7,9,3,7,16,8,29,3,3,1,4,7,11,0,4,0,0,2,0,7,10,0,0,1,3,4,20,1,2,2,4,0,2,2,10,20,11,5,0,0,2,0,3,17,5,7,11,5,12,10,9,16,19,36,6,21,23,16,16,30,10,17,8,10,5,5,14,15,12"
0.598611111,3,9,12,0,28.73300519,-81.30683105,0.598933532,"21,19,15,15,10,18,16,25,19,48,53,22,30,27,28,47,18,5,7,17,2,24,27,28,2,14,23,4,5,4,6,3,10,16,0,4,2,4,16,29,34,30,36,33,24,20,2,6,5,7,8,6,5,1,14,6,9,9,4,13,8,2,0,4,8,10,3,12,14,4,1,0,0,0,1,0,1,0,8,2,4,14,8,5,7,0,4,4,1,7,9,3,7,16,8,29,3,3,1,4,7,11,0,4,0,0,2,0,7,10,0,0,1,3,4,20,1,2,2,4,0,2,2,10,20,11,5,0,0,2,0,3,17,5,7,11,5,12,10,9,16,19,36,6,21,23,16,16,30,10,17,8,10,5,5,14,15,12,9"
0.599305556,2,22,1,0,28.73162035,-81.30901304,0.599628623,"21,19,15,15,10,18,16,25,19,48,53,22,30,27,28,47,18,5,7,17,2,24,27,28,2,14,23,4,5,4,6,3,10,16,0,4,2,4,16,29,34,30,36,33,24,20,2,6,5,7,8,6,5,1,14,6,9,9,4,13,8,2,0,4,8,10,3,12,14,4,1,0,0,0,1,0,1,0,8,2,4,14,8,5,7,0,4,4,1,7,9,3,7,16,8,29,3,3,1,4,7,11,0,4,0,0,2,0,7,10,0,0,1,3,4,20,1,2,2,4,0,2,2,10,20,11,5,0,0,2,0,3,17,5,7,11,5,12,10,9,16,19,36,6,21,23,16,16,30,10,17,8,10,5,5,14,15,12,9,22"
0.6,1,19,1,0,28.7309593,-81.30969105,0.600435764,"21,19,15,15,10,18,16,25,19,48,53,22,30,27,28,47,18,5,7,17,2,24,27,28,2,14,23,4,5,4,6,3,10,16,0,4,2,4,16,29,34,30,36,33,24,20,2,6,5,7,8,6,5,1,14,6,9,9,4,13,8,2,0,4,8,10,3,12,14,4,1,0,0,0,1,0,1,0,8,2,4,14,8,5,7,0,4,4,1,7,9,3,7,16,8,29,3,3,1,4,7,11,0,4,0,0,2,0,7,10,0,0,1,3,4,20,1,2,2,4,0,2,2,10,20,11,5,0,0,2,0,3,17,5,7,11,5,12,10,9,16,19,36,6,21,23,16,16,30,10,17,8,10,5,5,14,15,12,9,22,19"
0.600694444,1,9,1,0,28.7271293,-81.3096474,0.60105787,"21,19,15,15,10,18,16,25,19,48,53,22,30,27,28,47,18,5,7,17,2,24,27,28,2,14,23,4,5,4,6,3,10,16,0,4,2,4,16,29,34,30,36,33,24,20,2,6,5,7,8,6,5,1,14,6,9,9,4,13,8,2,0,4,8,10,3,12,14,4,1,0,0,0,1,0,1,0,8,2,4,14,8,5,7,0,4,4,1,7,9,3,7,16,8,29,3,3,1,4,7,11,0,4,0,0,2,0,7,10,0,0,1,3,4,20,1,2,2,4,0,2,2,10,20,11,5,0,0,2,0,3,17,5,7,11,5,12,10,9,16,19,36,6,21,23,16,16,30,10,17,8,10,5,5,14,15,12,9,22,19,9"
0.601388889,1,29,1,0,28.71829847,-81.3086034,0.601712963,"21,19,15,15,10,18,16,25,19,48,53,22,30,27,28,47,18,5,7,17,2,24,27,28,2,14,23,4,5,4,6,3,10,16,0,4,2,4,16,29,34,30,36,33,24,20,2,6,5,7,8,6,5,1,14,6,9,9,4,13,8,2,0,4,8,10,3,12,14,4,1,0,0,0,1,0,1,0,8,2,4,14,8,5,7,0,4,4,1,7,9,3,7,16,8,29,3,3,1,4,7,11,0,4,0,0,2,0,7,10,0,0,1,3,4,20,1,2,2,4,0,2,2,10,20,11,5,0,0,2,0,3,17,5,7,11,5,12,10,9,16,19,36,6,21,23,16,16,30,10,17,8,10,5,5,14,15,12,9,22,19,9,29"
0.602083333,2,32,4,0,28.70850133,-81.30535361,0.602446309,"21,19,15,15,10,18,16,25,19,48,53,22,30,27,28,47,18,5,7,17,2,24,27,28,2,14,23,4,5,4,6,3,10,16,0,4,2,4,16,29,34,30,36,33,24,20,2,6,5,7,8,6,5,1,14,6,9,9,4,13,8,2,0,4,8,10,3,12,14,4,1,0,0,0,1,0,1,0,8,2,4,14,8,5,7,0,4,4,1,7,9,3,7,16,8,29,3,3,1,4,7,11,0,4,0,0,2,0,7,10,0,0,1,3,4,20,1,2,2,4,0,2,2,10,20,11,5,0,0,2,0,3,17,5,7,11,5,12,10,9,16,19,36,6,21,23,16,16,30,10,17,8,10,5,5,14,15,12,9,22,19,9,29,32"
0.602777778,2,37,3,0,28.7046698,-81.2971637,0.603077546,"21,19,15,15,10,18,16,25,19,48,53,22,30,27,28,47,18,5,7,17,2,24,27,28,2,14,23,4,5,4,6,3,10,16,0,4,2,4,16,29,34,30,36,33,24,20,2,6,5,7,8,6,5,1,14,6,9,9,4,13,8,2,0,4,8,10,3,12,14,4,1,0,0,0,1,0,1,0,8,2,4,14,8,5,7,0,4,4,1,7,9,3,7,16,8,29,3,3,1,4,7,11,0,4,0,0,2,0,7,10,0,0,1,3,4,20,1,2,2,4,0,2,2,10,20,11,5,0,0,2,0,3,17,5,7,11,5,12,10,9,16,19,36,6,21,23,16,16,30,10,17,8,10,5,5,14,15,12,9,22,19,9,29,32,37"
0.603472222,0,8,0,0,28.70069863,-81.2956595,0.60400897,"21,19,15,15,10,18,16,25,19,48,53,22,30,27,28,47,18,5,7,17,2,24,27,28,2,14,23,4,5,4,6,3,10,16,0,4,2,4,16,29,34,30,36,33,24,20,2,6,5,7,8,6,5,1,14,6,9,9,4,13,8,2,0,4,8,10,3,12,14,4,1,0,0,0,1,0,1,0,8,2,4,14,8,5,7,0,4,4,1,7,9,3,7,16,8,29,3,3,1,4,7,11,0,4,0,0,2,0,7,10,0,0,1,3,4,20,1,2,2,4,0,2,2,10,20,11,5,0,0,2,0,3,17,5,7,11,5,12,10,9,16,19,36,6,21,23,16,16,30,10,17,8,10,5,5,14,15,12,9,22,19,9,29,32,37,8"
0.604166667,0,35,0,0,28.69580583,-81.2951084,0.604557209,"21,19,15,15,10,18,16,25,19,48,53,22,30,27,28,47,18,5,7,17,2,24,27,28,2,14,23,4,5,4,6,3,10,16,0,4,2,4,16,29,34,30,36,33,24,20,2,6,5,7,8,6,5,1,14,6,9,9,4,13,8,2,0,4,8,10,3,12,14,4,1,0,0,0,1,0,1,0,8,2,4,14,8,5,7,0,4,4,1,7,9,3,7,16,8,29,3,3,1,4,7,11,0,4,0,0,2,0,7,10,0,0,1,3,4,20,1,2,2,4,0,2,2,10,20,11,5,0,0,2,0,3,17,5,7,11,5,12,10,9,16,19,36,6,21,23,16,16,30,10,17,8,10,5,5,14,15,12,9,22,19,9,29,32,37,8,35"
0.604861111,0,32,0,0,28.69469966,-81.29910453,0.605216652,"21,19,15,15,10,18,16,25,19,48,53,22,30,27,28,47,18,5,7,17,2,24,27,28,2,14,23,4,5,4,6,3,10,16,0,4,2,4,16,29,34,30,36,33,24,20,2,6,5,7,8,6,5,1,14,6,9,9,4,13,8,2,0,4,8,10,3,12,14,4,1,0,0,0,1,0,1,0,8,2,4,14,8,5,7,0,4,4,1,7,9,3,7,16,8,29,3,3,1,4,7,11,0,4,0,0,2,0,7,10,0,0,1,3,4,20,1,2,2,4,0,2,2,10,20,11,5,0,0,2,0,3,17,5,7,11,5,12,10,9,16,19,36,6,21,23,16,16,30,10,17,8,10,5,5,14,15,12,9,22,19,9,29,32,37,8,35,32"
0.605555556,0,16,0,0,28.69439319,-81.3003365,0.605818142,"21,19,15,15,10,18,16,25,19,48,53,22,30,27,28,47,18,5,7,17,2,24,27,28,2,14,23,4,5,4,6,3,10,16,0,4,2,4,16,29,34,30,36,33,24,20,2,6,5,7,8,6,5,1,14,6,9,9,4,13,8,2,0,4,8,10,3,12,14,4,1,0,0,0,1,0,1,0,8,2,4,14,8,5,7,0,4,4,1,7,9,3,7,16,8,29,3,3,1,4,7,11,0,4,0,0,2,0,7,10,0,0,1,3,4,20,1,2,2,4,0,2,2,10,20,11,5,0,0,2,0,3,17,5,7,11,5,12,10,9,16,19,36,6,21,23,16,16,30,10,17,8,10,5,5,14,15,12,9,22,19,9,29,32,37,8,35,32,16"
0.60625,0,21,0,0,28.6942831,-81.30031362,0.606508488,"21,19,15,15,10,18,16,25,19,48,53,22,30,27,28,47,18,5,7,17,2,24,27,28,2,14,23,4,5,4,6,3,10,16,0,4,2,4,16,29,34,30,36,33,24,20,2,6,5,7,8,6,5,1,14,6,9,9,4,13,8,2,0,4,8,10,3,12,14,4,1,0,0,0,1,0,1,0,8,2,4,14,8,5,7,0,4,4,1,7,9,3,7,16,8,29,3,3,1,4,7,11,0,4,0,0,2,0,7,10,0,0,1,3,4,20,1,2,2,4,0,2,2,10,20,11,5,0,0,2,0,3,17,5,7,11,5,12,10,9,16,19,36,6,21,23,16,16,30,10,17,8,10,5,5,14,15,12,9,22,19,9,29,32,37,8,35,32,16,21"
0.606944444,0,17,0,0,28.69429529,-81.30033594,0.607364515,"21,19,15,15,10,18,16,25,19,48,53,22,30,27,28,47,18,5,7,17,2,24,27,28,2,14,23,4,5,4,6,3,10,16,0,4,2,4,16,29,34,30,36,33,24,20,2,6,5,7,8,6,5,1,14,6,9,9,4,13,8,2,0,4,8,10,3,12,14,4,1,0,0,0,1,0,1,0,8,2,4,14,8,5,7,0,4,4,1,7,9,3,7,16,8,29,3,3,1,4,7,11,0,4,0,0,2,0,7,10,0,0,1,3,4,20,1,2,2,4,0,2,2,10,20,11,5,0,0,2,0,3,17,5,7,11,5,12,10,9,16,19,36,6,21,23,16,16,30,10,17,8,10,5,5,14,15,12,9,22,19,9,29,32,37,8,35,32,16,21,17"
0.607638889,0,37,0,0,28.694301,-81.300336,0.607970158,"21,19,15,15,10,18,16,25,19,48,53,22,30,27,28,47,18,5,7,17,2,24,27,28,2,14,23,4,5,4,6,3,10,16,0,4,2,4,16,29,34,30,36,33,24,20,2,6,5,7,8,6,5,1,14,6,9,9,4,13,8,2,0,4,8,10,3,12,14,4,1,0,0,0,1,0,1,0,8,2,4,14,8,5,7,0,4,4,1,7,9,3,7,16,8,29,3,3,1,4,7,11,0,4,0,0,2,0,7,10,0,0,1,3,4,20,1,2,2,4,0,2,2,10,20,11,5,0,0,2,0,3,17,5,7,11,5,12,10,9,16,19,36,6,21,23,16,16,30,10,17,8,10,5,5,14,15,12,9,22,19,9,29,32,37,8,35,32,16,21,17,37"
0.608333333,0,51,0,0,28.69430275,-81.30033488,0.608692584,"21,19,15,15,10,18,16,25,19,48,53,22,30,27,28,47,18,5,7,17,2,24,27,28,2,14,23,4,5,4,6,3,10,16,0,4,2,4,16,29,34,30,36,33,24,20,2,6,5,7,8,6,5,1,14,6,9,9,4,13,8,2,0,4,8,10,3,12,14,4,1,0,0,0,1,0,1,0,8,2,4,14,8,5,7,0,4,4,1,7,9,3,7,16,8,29,3,3,1,4,7,11,0,4,0,0,2,0,7,10,0,0,1,3,4,20,1,2,2,4,0,2,2,10,20,11,5,0,0,2,0,3,17,5,7,11,5,12,10,9,16,19,36,6,21,23,16,16,30,10,17,8,10,5,5,14,15,12,9,22,19,9,29,32,37,8,35,32,16,21,17,37,51"
0.609027778,0,33,0,0,28.69430233,-81.30033309,0.609323092,"21,19,15,15,10,18,16,25,19,48,53,22,30,27,28,47,18,5,7,17,2,24,27,28,2,14,23,4,5,4,6,3,10,16,0,4,2,4,16,29,34,30,36,33,24,20,2,6,5,7,8,6,5,1,14,6,9,9,4,13,8,2,0,4,8,10,3,12,14,4,1,0,0,0,1,0,1,0,8,2,4,14,8,5,7,0,4,4,1,7,9,3,7,16,8,29,3,3,1,4,7,11,0,4,0,0,2,0,7,10,0,0,1,3,4,20,1,2,2,4,0,2,2,10,20,11,5,0,0,2,0,3,17,5,7,11,5,12,10,9,16,19,36,6,21,23,16,16,30,10,17,8,10,5,5,14,15,12,9,22,19,9,29,32,37,8,35,32,16,21,17,37,51,33"
0.609722222,0,20,0,0,28.69430015,-81.3003322,0.610130787,"21,19,15,15,10,18,16,25,19,48,53,22,30,27,28,47,18,5,7,17,2,24,27,28,2,14,23,4,5,4,6,3,10,16,0,4,2,4,16,29,34,30,36,33,24,20,2,6,5,7,8,6,5,1,14,6,9,9,4,13,8,2,0,4,8,10,3,12,14,4,1,0,0,0,1,0,1,0,8,2,4,14,8,5,7,0,4,4,1,7,9,3,7,16,8,29,3,3,1,4,7,11,0,4,0,0,2,0,7,10,0,0,1,3,4,20,1,2,2,4,0,2,2,10,20,11,5,0,0,2,0,3,17,5,7,11,5,12,10,9,16,19,36,6,21,23,16,16,30,10,17,8,10,5,5,14,15,12,9,22,19,9,29,32,37,8,35,32,16,21,17,37,51,33,20"
0.610416667,0,17,0,0,28.69429806,-81.30033382,0.610662446,"21,19,15,15,10,18,16,25,19,48,53,22,30,27,28,47,18,5,7,17,2,24,27,28,2,14,23,4,5,4,6,3,10,16,0,4,2,4,16,29,34,30,36,33,24,20,2,6,5,7,8,6,5,1,14,6,9,9,4,13,8,2,0,4,8,10,3,12,14,4,1,0,0,0,1,0,1,0,8,2,4,14,8,5,7,0,4,4,1,7,9,3,7,16,8,29,3,3,1,4,7,11,0,4,0,0,2,0,7,10,0,0,1,3,4,20,1,2,2,4,0,2,2,10,20,11,5,0,0,2,0,3,17,5,7,11,5,12,10,9,16,19,36,6,21,23,16,16,30,10,17,8,10,5,5,14,15,12,9,22,19,9,29,32,37,8,35,32,16,21,17,37,51,33,20,17"
0.611111111,0,24,0,0,28.69429433,-81.30033896,0.611450617,"21,19,15,15,10,18,16,25,19,48,53,22,30,27,28,47,18,5,7,17,2,24,27,28,2,14,23,4,5,4,6,3,10,16,0,4,2,4,16,29,34,30,36,33,24,20,2,6,5,7,8,6,5,1,14,6,9,9,4,13,8,2,0,4,8,10,3,12,14,4,1,0,0,0,1,0,1,0,8,2,4,14,8,5,7,0,4,4,1,7,9,3,7,16,8,29,3,3,1,4,7,11,0,4,0,0,2,0,7,10,0,0,1,3,4,20,1,2,2,4,0,2,2,10,20,11,5,0,0,2,0,3,17,5,7,11,5,12,10,9,16,19,36,6,21,23,16,16,30,10,17,8,10,5,5,14,15,12,9,22,19,9,29,32,37,8,35,32,16,21,17,37,51,33,20,17,24"
0.611805556,0,27,0,0,28.69429241,-81.30034263,0.612153206,"21,19,15,15,10,18,16,25,19,48,53,22,30,27,28,47,18,5,7,17,2,24,27,28,2,14,23,4,5,4,6,3,10,16,0,4,2,4,16,29,34,30,36,33,24,20,2,6,5,7,8,6,5,1,14,6,9,9,4,13,8,2,0,4,8,10,3,12,14,4,1,0,0,0,1,0,1,0,8,2,4,14,8,5,7,0,4,4,1,7,9,3,7,16,8,29,3,3,1,4,7,11,0,4,0,0,2,0,7,10,0,0,1,3,4,20,1,2,2,4,0,2,2,10,20,11,5,0,0,2,0,3,17,5,7,11,5,12,10,9,16,19,36,6,21,23,16,16,30,10,17,8,10,5,5,14,15,12,9,22,19,9,29,32,37,8,35,32,16,21,17,37,51,33,20,17,24,27"
0.6125,0,46,0,0,28.69429113,-81.30034459,0.612833384,"21,19,15,15,10,18,16,25,19,48,53,22,30,27,28,47,18,5,7,17,2,24,27,28,2,14,23,4,5,4,6,3,10,16,0,4,2,4,16,29,34,30,36,33,24,20,2,6,5,7,8,6,5,1,14,6,9,9,4,13,8,2,0,4,8,10,3,12,14,4,1,0,0,0,1,0,1,0,8,2,4,14,8,5,7,0,4,4,1,7,9,3,7,16,8,29,3,3,1,4,7,11,0,4,0,0,2,0,7,10,0,0,1,3,4,20,1,2,2,4,0,2,2,10,20,11,5,0,0,2,0,3,17,5,7,11,5,12,10,9,16,19,36,6,21,23,16,16,30,10,17,8,10,5,5,14,15,12,9,22,19,9,29,32,37,8,35,32,16,21,17,37,51,33,20,17,24,27,46"
0.613194444,0,46,0,0,28.69429039,-81.3003457,0.613513486,"21,19,15,15,10,18,16,25,19,48,53,22,30,27,28,47,18,5,7,17,2,24,27,28,2,14,23,4,5,4,6,3,10,16,0,4,2,4,16,29,34,30,36,33,24,20,2,6,5,7,8,6,5,1,14,6,9,9,4,13,8,2,0,4,8,10,3,12,14,4,1,0,0,0,1,0,1,0,8,2,4,14,8,5,7,0,4,4,1,7,9,3,7,16,8,29,3,3,1,4,7,11,0,4,0,0,2,0,7,10,0,0,1,3,4,20,1,2,2,4,0,2,2,10,20,11,5,0,0,2,0,3,17,5,7,11,5,12,10,9,16,19,36,6,21,23,16,16,30,10,17,8,10,5,5,14,15,12,9,22,19,9,29,32,37,8,35,32,16,21,17,37,51,33,20,17,24,27,46,46"
0.613888889,0,39,0,0,28.69429279,-81.30034226,0.614283298,"21,19,15,15,10,18,16,25,19,48,53,22,30,27,28,47,18,5,7,17,2,24,27,28,2,14,23,4,5,4,6,3,10,16,0,4,2,4,16,29,34,30,36,33,24,20,2,6,5,7,8,6,5,1,14,6,9,9,4,13,8,2,0,4,8,10,3,12,14,4,1,0,0,0,1,0,1,0,8,2,4,14,8,5,7,0,4,4,1,7,9,3,7,16,8,29,3,3,1,4,7,11,0,4,0,0,2,0,7,10,0,0,1,3,4,20,1,2,2,4,0,2,2,10,20,11,5,0,0,2,0,3,17,5,7,11,5,12,10,9,16,19,36,6,21,23,16,16,30,10,17,8,10,5,5,14,15,12,9,22,19,9,29,32,37,8,35,32,16,21,17,37,51,33,20,17,24,27,46,46,39"
0.614583333,0,34,0,1,28.69428971,-81.30034343,0.614934193,"21,19,15,15,10,18,16,25,19,48,53,22,30,27,28,47,18,5,7,17,2,24,27,28,2,14,23,4,5,4,6,3,10,16,0,4,2,4,16,29,34,30,36,33,24,20,2,6,5,7,8,6,5,1,14,6,9,9,4,13,8,2,0,4,8,10,3,12,14,4,1,0,0,0,1,0,1,0,8,2,4,14,8,5,7,0,4,4,1,7,9,3,7,16,8,29,3,3,1,4,7,11,0,4,0,0,2,0,7,10,0,0,1,3,4,20,1,2,2,4,0,2,2,10,20,11,5,0,0,2,0,3,17,5,7,11,5,12,10,9,16,19,36,6,21,23,16,16,30,10,17,8,10,5,5,14,15,12,9,22,19,9,29,32,37,8,35,32,16,21,17,37,51,33,20,17,24,27,46,46,39,34"
0.615277778,1,10,3,0,28.694286,-81.30034546,0.615503917,"21,19,15,15,10,18,16,25,19,48,53,22,30,27,28,47,18,5,7,17,2,24,27,28,2,14,23,4,5,4,6,3,10,16,0,4,2,4,16,29,34,30,36,33,24,20,2,6,5,7,8,6,5,1,14,6,9,9,4,13,8,2,0,4,8,10,3,12,14,4,1,0,0,0,1,0,1,0,8,2,4,14,8,5,7,0,4,4,1,7,9,3,7,16,8,29,3,3,1,4,7,11,0,4,0,0,2,0,7,10,0,0,1,3,4,20,1,2,2,4,0,2,2,10,20,11,5,0,0,2,0,3,17,5,7,11,5,12,10,9,16,19,36,6,21,23,16,16,30,10,17,8,10,5,5,14,15,12,9,22,19,9,29,32,37,8,35,32,16,21,17,37,51,33,20,17,24,27,46,46,39,34,10"
0.615972222,0,0,4,0,28.6942805,-81.3003485,0.616183449,"21,19,15,15,10,18,16,25,19,48,53,22,30,27,28,47,18,5,7,17,2,24,27,28,2,14,23,4,5,4,6,3,10,16,0,4,2,4,16,29,34,30,36,33,24,20,2,6,5,7,8,6,5,1,14,6,9,9,4,13,8,2,0,4,8,10,3,12,14,4,1,0,0,0,1,0,1,0,8,2,4,14,8,5,7,0,4,4,1,7,9,3,7,16,8,29,3,3,1,4,7,11,0,4,0,0,2,0,7,10,0,0,1,3,4,20,1,2,2,4,0,2,2,10,20,11,5,0,0,2,0,3,17,5,7,11,5,12,10,9,16,19,36,6,21,23,16,16,30,10,17,8,10,5,5,14,15,12,9,22,19,9,29,32,37,8,35,32,16,21,17,37,51,33,20,17,24,27,46,46,39,34,10,0"
0.616666667,2,5,3,0,28.69427563,-81.30035275,0.61708044,"21,19,15,15,10,18,16,25,19,48,53,22,30,27,28,47,18,5,7,17,2,24,27,28,2,14,23,4,5,4,6,3,10,16,0,4,2,4,16,29,34,30,36,33,24,20,2,6,5,7,8,6,5,1,14,6,9,9,4,13,8,2,0,4,8,10,3,12,14,4,1,0,0,0,1,0,1,0,8,2,4,14,8,5,7,0,4,4,1,7,9,3,7,16,8,29,3,3,1,4,7,11,0,4,0,0,2,0,7,10,0,0,1,3,4,20,1,2,2,4,0,2,2,10,20,11,5,0,0,2,0,3,17,5,7,11,5,12,10,9,16,19,36,6,21,23,16,16,30,10,17,8,10,5,5,14,15,12,9,22,19,9,29,32,37,8,35,32,16,21,17,37,51,33,20,17,24,27,46,46,39,34,10,0,5"
0.617361111,1,3,6,0,28.69426967,-81.30036022,0.617755916,"21,19,15,15,10,18,16,25,19,48,53,22,30,27,28,47,18,5,7,17,2,24,27,28,2,14,23,4,5,4,6,3,10,16,0,4,2,4,16,29,34,30,36,33,24,20,2,6,5,7,8,6,5,1,14,6,9,9,4,13,8,2,0,4,8,10,3,12,14,4,1,0,0,0,1,0,1,0,8,2,4,14,8,5,7,0,4,4,1,7,9,3,7,16,8,29,3,3,1,4,7,11,0,4,0,0,2,0,7,10,0,0,1,3,4,20,1,2,2,4,0,2,2,10,20,11,5,0,0,2,0,3,17,5,7,11,5,12,10,9,16,19,36,6,21,23,16,16,30,10,17,8,10,5,5,14,15,12,9,22,19,9,29,32,37,8,35,32,16,21,17,37,51,33,20,17,24,27,46,46,39,34,10,0,5,3"
0.618055556,0,2,12,1,28.69426633,-81.300362,0.618515432,"21,19,15,15,10,18,16,25,19,48,53,22,30,27,28,47,18,5,7,17,2,24,27,28,2,14,23,4,5,4,6,3,10,16,0,4,2,4,16,29,34,30,36,33,24,20,2,6,5,7,8,6,5,1,14,6,9,9,4,13,8,2,0,4,8,10,3,12,14,4,1,0,0,0,1,0,1,0,8,2,4,14,8,5,7,0,4,4,1,7,9,3,7,16,8,29,3,3,1,4,7,11,0,4,0,0,2,0,7,10,0,0,1,3,4,20,1,2,2,4,0,2,2,10,20,11,5,0,0,2,0,3,17,5,7,11,5,12,10,9,16,19,36,6,21,23,16,16,30,10,17,8,10,5,5,14,15,12,9,22,19,9,29,32,37,8,35,32,16,21,17,37,51,33,20,17,24,27,46,46,39,34,10,0,5,3,2"
0.61875,1,2,5,2,28.6942647,-81.3003628,0.619056713,"21,19,15,15,10,18,16,25,19,48,53,22,30,27,28,47,18,5,7,17,2,24,27,28,2,14,23,4,5,4,6,3,10,16,0,4,2,4,16,29,34,30,36,33,24,20,2,6,5,7,8,6,5,1,14,6,9,9,4,13,8,2,0,4,8,10,3,12,14,4,1,0,0,0,1,0,1,0,8,2,4,14,8,5,7,0,4,4,1,7,9,3,7,16,8,29,3,3,1,4,7,11,0,4,0,0,2,0,7,10,0,0,1,3,4,20,1,2,2,4,0,2,2,10,20,11,5,0,0,2,0,3,17,5,7,11,5,12,10,9,16,19,36,6,21,23,16,16,30,10,17,8,10,5,5,14,15,12,9,22,19,9,29,32,37,8,35,32,16,21,17,37,51,33,20,17,24,27,46,46,39,34,10,0,5,3,2,2"
0.619444444,1,8,15,2,28.69426335,-81.30036354,0.619801905,"21,19,15,15,10,18,16,25,19,48,53,22,30,27,28,47,18,5,7,17,2,24,27,28,2,14,23,4,5,4,6,3,10,16,0,4,2,4,16,29,34,30,36,33,24,20,2,6,5,7,8,6,5,1,14,6,9,9,4,13,8,2,0,4,8,10,3,12,14,4,1,0,0,0,1,0,1,0,8,2,4,14,8,5,7,0,4,4,1,7,9,3,7,16,8,29,3,3,1,4,7,11,0,4,0,0,2,0,7,10,0,0,1,3,4,20,1,2,2,4,0,2,2,10,20,11,5,0,0,2,0,3,17,5,7,11,5,12,10,9,16,19,36,6,21,23,16,16,30,10,17,8,10,5,5,14,15,12,9,22,19,9,29,32,37,8,35,32,16,21,17,37,51,33,20,17,24,27,46,46,39,34,10,0,5,3,2,2,8"
0.620138889,3,9,6,2,28.694263,-81.300364,0.620373843,"21,19,15,15,10,18,16,25,19,48,53,22,30,27,28,47,18,5,7,17,2,24,27,28,2,14,23,4,5,4,6,3,10,16,0,4,2,4,16,29,34,30,36,33,24,20,2,6,5,7,8,6,5,1,14,6,9,9,4,13,8,2,0,4,8,10,3,12,14,4,1,0,0,0,1,0,1,0,8,2,4,14,8,5,7,0,4,4,1,7,9,3,7,16,8,29,3,3,1,4,7,11,0,4,0,0,2,0,7,10,0,0,1,3,4,20,1,2,2,4,0,2,2,10,20,11,5,0,0,2,0,3,17,5,7,11,5,12,10,9,16,19,36,6,21,23,16,16,30,10,17,8,10,5,5,14,15,12,9,22,19,9,29,32,37,8,35,32,16,21,17,37,51,33,20,17,24,27,46,46,39,34,10,0,5,3,2,2,8,9"
0.620833333,0,1,2,0,28.694264,-81.300363,0.621122685,"21,19,15,15,10,18,16,25,19,48,53,22,30,27,28,47,18,5,7,17,2,24,27,28,2,14,23,4,5,4,6,3,10,16,0,4,2,4,16,29,34,30,36,33,24,20,2,6,5,7,8,6,5,1,14,6,9,9,4,13,8,2,0,4,8,10,3,12,14,4,1,0,0,0,1,0,1,0,8,2,4,14,8,5,7,0,4,4,1,7,9,3,7,16,8,29,3,3,1,4,7,11,0,4,0,0,2,0,7,10,0,0,1,3,4,20,1,2,2,4,0,2,2,10,20,11,5,0,0,2,0,3,17,5,7,11,5,12,10,9,16,19,36,6,21,23,16,16,30,10,17,8,10,5,5,14,15,12,9,22,19,9,29,32,37,8,35,32,16,21,17,37,51,33,20,17,24,27,46,46,39,34,10,0,5,3,2,2,8,9,1"
0.621527778,0,1,1,0,28.694261,-81.300362,0.622013889,"21,19,15,15,10,18,16,25,19,48,53,22,30,27,28,47,18,5,7,17,2,24,27,28,2,14,23,4,5,4,6,3,10,16,0,4,2,4,16,29,34,30,36,33,24,20,2,6,5,7,8,6,5,1,14,6,9,9,4,13,8,2,0,4,8,10,3,12,14,4,1,0,0,0,1,0,1,0,8,2,4,14,8,5,7,0,4,4,1,7,9,3,7,16,8,29,3,3,1,4,7,11,0,4,0,0,2,0,7,10,0,0,1,3,4,20,1,2,2,4,0,2,2,10,20,11,5,0,0,2,0,3,17,5,7,11,5,12,10,9,16,19,36,6,21,23,16,16,30,10,17,8,10,5,5,14,15,12,9,22,19,9,29,32,37,8,35,32,16,21,17,37,51,33,20,17,24,27,46,46,39,34,10,0,5,3,2,2,8,9,1,1"
0.627777778,0,0,1,0,28.694255,-81.300375,0.628449074,"21,19,15,15,10,18,16,25,19,48,53,22,30,27,28,47,18,5,7,17,2,24,27,28,2,14,23,4,5,4,6,3,10,16,0,4,2,4,16,29,34,30,36,33,24,20,2,6,5,7,8,6,5,1,14,6,9,9,4,13,8,2,0,4,8,10,3,12,14,4,1,0,0,0,1,0,1,0,8,2,4,14,8,5,7,0,4,4,1,7,9,3,7,16,8,29,3,3,1,4,7,11,0,4,0,0,2,0,7,10,0,0,1,3,4,20,1,2,2,4,0,2,2,10,20,11,5,0,0,2,0,3,17,5,7,11,5,12,10,9,16,19,36,6,21,23,16,16,30,10,17,8,10,5,5,14,15,12,9,22,19,9,29,32,37,8,35,32,16,21,17,37,51,33,20,17,24,27,46,46,39,34,10,0,5,3,2,2,8,9,1,1,0"
0.628472222,0,0,2,0,28.6942565,-81.3003745,0.628987269,"21,19,15,15,10,18,16,25,19,48,53,22,30,27,28,47,18,5,7,17,2,24,27,28,2,14,23,4,5,4,6,3,10,16,0,4,2,4,16,29,34,30,36,33,24,20,2,6,5,7,8,6,5,1,14,6,9,9,4,13,8,2,0,4,8,10,3,12,14,4,1,0,0,0,1,0,1,0,8,2,4,14,8,5,7,0,4,4,1,7,9,3,7,16,8,29,3,3,1,4,7,11,0,4,0,0,2,0,7,10,0,0,1,3,4,20,1,2,2,4,0,2,2,10,20,11,5,0,0,2,0,3,17,5,7,11,5,12,10,9,16,19,36,6,21,23,16,16,30,10,17,8,10,5,5,14,15,12,9,22,19,9,29,32,37,8,35,32,16,21,17,37,51,33,20,17,24,27,46,46,39,34,10,0,5,3,2,2,8,9,1,1,0,0"
0.629166667,0,0,1,0,28.694258,-81.300373,0.629386574,"21,19,15,15,10,18,16,25,19,48,53,22,30,27,28,47,18,5,7,17,2,24,27,28,2,14,23,4,5,4,6,3,10,16,0,4,2,4,16,29,34,30,36,33,24,20,2,6,5,7,8,6,5,1,14,6,9,9,4,13,8,2,0,4,8,10,3,12,14,4,1,0,0,0,1,0,1,0,8,2,4,14,8,5,7,0,4,4,1,7,9,3,7,16,8,29,3,3,1,4,7,11,0,4,0,0,2,0,7,10,0,0,1,3,4,20,1,2,2,4,0,2,2,10,20,11,5,0,0,2,0,3,17,5,7,11,5,12,10,9,16,19,36,6,21,23,16,16,30,10,17,8,10,5,5,14,15,12,9,22,19,9,29,32,37,8,35,32,16,21,17,37,51,33,20,17,24,27,46,46,39,34,10,0,5,3,2,2,8,9,1,1,0,0,0"
0.629861111,0,0,1,0,28.694259,-81.300374,0.63005787,"21,19,15,15,10,18,16,25,19,48,53,22,30,27,28,47,18,5,7,17,2,24,27,28,2,14,23,4,5,4,6,3,10,16,0,4,2,4,16,29,34,30,36,33,24,20,2,6,5,7,8,6,5,1,14,6,9,9,4,13,8,2,0,4,8,10,3,12,14,4,1,0,0,0,1,0,1,0,8,2,4,14,8,5,7,0,4,4,1,7,9,3,7,16,8,29,3,3,1,4,7,11,0,4,0,0,2,0,7,10,0,0,1,3,4,20,1,2,2,4,0,2,2,10,20,11,5,0,0,2,0,3,17,5,7,11,5,12,10,9,16,19,36,6,21,23,16,16,30,10,17,8,10,5,5,14,15,12,9,22,19,9,29,32,37,8,35,32,16,21,17,37,51,33,20,17,24,27,46,46,39,34,10,0,5,3,2,2,8,9,1,1,0,0,0,0"
0.630555556,0,2,0,0,28.69426,-81.300374,0.630677083,"21,19,15,15,10,18,16,25,19,48,53,22,30,27,28,47,18,5,7,17,2,24,27,28,2,14,23,4,5,4,6,3,10,16,0,4,2,4,16,29,34,30,36,33,24,20,2,6,5,7,8,6,5,1,14,6,9,9,4,13,8,2,0,4,8,10,3,12,14,4,1,0,0,0,1,0,1,0,8,2,4,14,8,5,7,0,4,4,1,7,9,3,7,16,8,29,3,3,1,4,7,11,0,4,0,0,2,0,7,10,0,0,1,3,4,20,1,2,2,4,0,2,2,10,20,11,5,0,0,2,0,3,17,5,7,11,5,12,10,9,16,19,36,6,21,23,16,16,30,10,17,8,10,5,5,14,15,12,9,22,19,9,29,32,37,8,35,32,16,21,17,37,51,33,20,17,24,27,46,46,39,34,10,0,5,3,2,2,8,9,1,1,0,0,0,0,2"
0.63125,0,0,2,0,28.6942625,-81.3003705,0.631458333,"21,19,15,15,10,18,16,25,19,48,53,22,30,27,28,47,18,5,7,17,2,24,27,28,2,14,23,4,5,4,6,3,10,16,0,4,2,4,16,29,34,30,36,33,24,20,2,6,5,7,8,6,5,1,14,6,9,9,4,13,8,2,0,4,8,10,3,12,14,4,1,0,0,0,1,0,1,0,8,2,4,14,8,5,7,0,4,4,1,7,9,3,7,16,8,29,3,3,1,4,7,11,0,4,0,0,2,0,7,10,0,0,1,3,4,20,1,2,2,4,0,2,2,10,20,11,5,0,0,2,0,3,17,5,7,11,5,12,10,9,16,19,36,6,21,23,16,16,30,10,17,8,10,5,5,14,15,12,9,22,19,9,29,32,37,8,35,32,16,21,17,37,51,33,20,17,24,27,46,46,39,34,10,0,5,3,2,2,8,9,1,1,0,0,0,0,2,0"
0.631944444,0,0,1,2,28.69426533,-81.30036333,0.632118056,"21,19,15,15,10,18,16,25,19,48,53,22,30,27,28,47,18,5,7,17,2,24,27,28,2,14,23,4,5,4,6,3,10,16,0,4,2,4,16,29,34,30,36,33,24,20,2,6,5,7,8,6,5,1,14,6,9,9,4,13,8,2,0,4,8,10,3,12,14,4,1,0,0,0,1,0,1,0,8,2,4,14,8,5,7,0,4,4,1,7,9,3,7,16,8,29,3,3,1,4,7,11,0,4,0,0,2,0,7,10,0,0,1,3,4,20,1,2,2,4,0,2,2,10,20,11,5,0,0,2,0,3,17,5,7,11,5,12,10,9,16,19,36,6,21,23,16,16,30,10,17,8,10,5,5,14,15,12,9,22,19,9,29,32,37,8,35,32,16,21,17,37,51,33,20,17,24,27,46,46,39,34,10,0,5,3,2,2,8,9,1,1,0,0,0,0,2,0,0"
0.632638889,0,0,1,2,28.694267,-81.300361,0.632912809,"21,19,15,15,10,18,16,25,19,48,53,22,30,27,28,47,18,5,7,17,2,24,27,28,2,14,23,4,5,4,6,3,10,16,0,4,2,4,16,29,34,30,36,33,24,20,2,6,5,7,8,6,5,1,14,6,9,9,4,13,8,2,0,4,8,10,3,12,14,4,1,0,0,0,1,0,1,0,8,2,4,14,8,5,7,0,4,4,1,7,9,3,7,16,8,29,3,3,1,4,7,11,0,4,0,0,2,0,7,10,0,0,1,3,4,20,1,2,2,4,0,2,2,10,20,11,5,0,0,2,0,3,17,5,7,11,5,12,10,9,16,19,36,6,21,23,16,16,30,10,17,8,10,5,5,14,15,12,9,22,19,9,29,32,37,8,35,32,16,21,17,37,51,33,20,17,24,27,46,46,39,34,10,0,5,3,2,2,8,9,1,1,0,0,0,0,2,0,0,0"
0.635416667,1,2,3,0,28.6942614,-81.300354,0.635893519,"21,19,15,15,10,18,16,25,19,48,53,22,30,27,28,47,18,5,7,17,2,24,27,28,2,14,23,4,5,4,6,3,10,16,0,4,2,4,16,29,34,30,36,33,24,20,2,6,5,7,8,6,5,1,14,6,9,9,4,13,8,2,0,4,8,10,3,12,14,4,1,0,0,0,1,0,1,0,8,2,4,14,8,5,7,0,4,4,1,7,9,3,7,16,8,29,3,3,1,4,7,11,0,4,0,0,2,0,7,10,0,0,1,3,4,20,1,2,2,4,0,2,2,10,20,11,5,0,0,2,0,3,17,5,7,11,5,12,10,9,16,19,36,6,21,23,16,16,30,10,17,8,10,5,5,14,15,12,9,22,19,9,29,32,37,8,35,32,16,21,17,37,51,33,20,17,24,27,46,46,39,34,10,0,5,3,2,2,8,9,1,1,0,0,0,0,2,0,0,0,2"
0.636111111,1,4,4,0,28.69426338,-81.3003535,0.636439525,"21,19,15,15,10,18,16,25,19,48,53,22,30,27,28,47,18,5,7,17,2,24,27,28,2,14,23,4,5,4,6,3,10,16,0,4,2,4,16,29,34,30,36,33,24,20,2,6,5,7,8,6,5,1,14,6,9,9,4,13,8,2,0,4,8,10,3,12,14,4,1,0,0,0,1,0,1,0,8,2,4,14,8,5,7,0,4,4,1,7,9,3,7,16,8,29,3,3,1,4,7,11,0,4,0,0,2,0,7,10,0,0,1,3,4,20,1,2,2,4,0,2,2,10,20,11,5,0,0,2,0,3,17,5,7,11,5,12,10,9,16,19,36,6,21,23,16,16,30,10,17,8,10,5,5,14,15,12,9,22,19,9,29,32,37,8,35,32,16,21,17,37,51,33,20,17,24,27,46,46,39,34,10,0,5,3,2,2,8,9,1,1,0,0,0,0,2,0,0,0,2,4"
0.636805556,3,4,8,2,28.69425893,-81.30034929,0.637123016,"21,19,15,15,10,18,16,25,19,48,53,22,30,27,28,47,18,5,7,17,2,24,27,28,2,14,23,4,5,4,6,3,10,16,0,4,2,4,16,29,34,30,36,33,24,20,2,6,5,7,8,6,5,1,14,6,9,9,4,13,8,2,0,4,8,10,3,12,14,4,1,0,0,0,1,0,1,0,8,2,4,14,8,5,7,0,4,4,1,7,9,3,7,16,8,29,3,3,1,4,7,11,0,4,0,0,2,0,7,10,0,0,1,3,4,20,1,2,2,4,0,2,2,10,20,11,5,0,0,2,0,3,17,5,7,11,5,12,10,9,16,19,36,6,21,23,16,16,30,10,17,8,10,5,5,14,15,12,9,22,19,9,29,32,37,8,35,32,16,21,17,37,51,33,20,17,24,27,46,46,39,34,10,0,5,3,2,2,8,9,1,1,0,0,0,0,2,0,0,0,2,4,4"
0.6375,5,10,3,1,28.69425747,-81.30034565,0.637962963,"21,19,15,15,10,18,16,25,19,48,53,22,30,27,28,47,18,5,7,17,2,24,27,28,2,14,23,4,5,4,6,3,10,16,0,4,2,4,16,29,34,30,36,33,24,20,2,6,5,7,8,6,5,1,14,6,9,9,4,13,8,2,0,4,8,10,3,12,14,4,1,0,0,0,1,0,1,0,8,2,4,14,8,5,7,0,4,4,1,7,9,3,7,16,8,29,3,3,1,4,7,11,0,4,0,0,2,0,7,10,0,0,1,3,4,20,1,2,2,4,0,2,2,10,20,11,5,0,0,2,0,3,17,5,7,11,5,12,10,9,16,19,36,6,21,23,16,16,30,10,17,8,10,5,5,14,15,12,9,22,19,9,29,32,37,8,35,32,16,21,17,37,51,33,20,17,24,27,46,46,39,34,10,0,5,3,2,2,8,9,1,1,0,0,0,0,2,0,0,0,2,4,4,10"
0.638194444,1,1,3,3,28.69425614,-81.30034514,0.638291997,"21,19,15,15,10,18,16,25,19,48,53,22,30,27,28,47,18,5,7,17,2,24,27,28,2,14,23,4,5,4,6,3,10,16,0,4,2,4,16,29,34,30,36,33,24,20,2,6,5,7,8,6,5,1,14,6,9,9,4,13,8,2,0,4,8,10,3,12,14,4,1,0,0,0,1,0,1,0,8,2,4,14,8,5,7,0,4,4,1,7,9,3,7,16,8,29,3,3,1,4,7,11,0,4,0,0,2,0,7,10,0,0,1,3,4,20,1,2,2,4,0,2,2,10,20,11,5,0,0,2,0,3,17,5,7,11,5,12,10,9,16,19,36,6,21,23,16,16,30,10,17,8,10,5,5,14,15,12,9,22,19,9,29,32,37,8,35,32,16,21,17,37,51,33,20,17,24,27,46,46,39,34,10,0,5,3,2,2,8,9,1,1,0,0,0,0,2,0,0,0,2,4,4,10,1"
0.640972222,0,1,1,2,28.6942675,-81.30035,0.641501736,"21,19,15,15,10,18,16,25,19,48,53,22,30,27,28,47,18,5,7,17,2,24,27,28,2,14,23,4,5,4,6,3,10,16,0,4,2,4,16,29,34,30,36,33,24,20,2,6,5,7,8,6,5,1,14,6,9,9,4,13,8,2,0,4,8,10,3,12,14,4,1,0,0,0,1,0,1,0,8,2,4,14,8,5,7,0,4,4,1,7,9,3,7,16,8,29,3,3,1,4,7,11,0,4,0,0,2,0,7,10,0,0,1,3,4,20,1,2,2,4,0,2,2,10,20,11,5,0,0,2,0,3,17,5,7,11,5,12,10,9,16,19,36,6,21,23,16,16,30,10,17,8,10,5,5,14,15,12,9,22,19,9,29,32,37,8,35,32,16,21,17,37,51,33,20,17,24,27,46,46,39,34,10,0,5,3,2,2,8,9,1,1,0,0,0,0,2,0,0,0,2,4,4,10,1,1"
0.641666667,0,1,1,0,28.6942665,-81.30035,0.641753472,"21,19,15,15,10,18,16,25,19,48,53,22,30,27,28,47,18,5,7,17,2,24,27,28,2,14,23,4,5,4,6,3,10,16,0,4,2,4,16,29,34,30,36,33,24,20,2,6,5,7,8,6,5,1,14,6,9,9,4,13,8,2,0,4,8,10,3,12,14,4,1,0,0,0,1,0,1,0,8,2,4,14,8,5,7,0,4,4,1,7,9,3,7,16,8,29,3,3,1,4,7,11,0,4,0,0,2,0,7,10,0,0,1,3,4,20,1,2,2,4,0,2,2,10,20,11,5,0,0,2,0,3,17,5,7,11,5,12,10,9,16,19,36,6,21,23,16,16,30,10,17,8,10,5,5,14,15,12,9,22,19,9,29,32,37,8,35,32,16,21,17,37,51,33,20,17,24,27,46,46,39,34,10,0,5,3,2,2,8,9,1,1,0,0,0,0,2,0,0,0,2,4,4,10,1,1,1"
0.642361111,0,0,1,1,28.6942675,-81.3003485,0.642679398,"21,19,15,15,10,18,16,25,19,48,53,22,30,27,28,47,18,5,7,17,2,24,27,28,2,14,23,4,5,4,6,3,10,16,0,4,2,4,16,29,34,30,36,33,24,20,2,6,5,7,8,6,5,1,14,6,9,9,4,13,8,2,0,4,8,10,3,12,14,4,1,0,0,0,1,0,1,0,8,2,4,14,8,5,7,0,4,4,1,7,9,3,7,16,8,29,3,3,1,4,7,11,0,4,0,0,2,0,7,10,0,0,1,3,4,20,1,2,2,4,0,2,2,10,20,11,5,0,0,2,0,3,17,5,7,11,5,12,10,9,16,19,36,6,21,23,16,16,30,10,17,8,10,5,5,14,15,12,9,22,19,9,29,32,37,8,35,32,16,21,17,37,51,33,20,17,24,27,46,46,39,34,10,0,5,3,2,2,8,9,1,1,0,0,0,0,2,0,0,0,2,4,4,10,1,1,1,0"
0.643055556,0,0,0,1,28.694266,-81.300344,0.643472222,"21,19,15,15,10,18,16,25,19,48,53,22,30,27,28,47,18,5,7,17,2,24,27,28,2,14,23,4,5,4,6,3,10,16,0,4,2,4,16,29,34,30,36,33,24,20,2,6,5,7,8,6,5,1,14,6,9,9,4,13,8,2,0,4,8,10,3,12,14,4,1,0,0,0,1,0,1,0,8,2,4,14,8,5,7,0,4,4,1,7,9,3,7,16,8,29,3,3,1,4,7,11,0,4,0,0,2,0,7,10,0,0,1,3,4,20,1,2,2,4,0,2,2,10,20,11,5,0,0,2,0,3,17,5,7,11,5,12,10,9,16,19,36,6,21,23,16,16,30,10,17,8,10,5,5,14,15,12,9,22,19,9,29,32,37,8,35,32,16,21,17,37,51,33,20,17,24,27,46,46,39,34,10,0,5,3,2,2,8,9,1,1,0,0,0,0,2,0,0,0,2,4,4,10,1,1,1,0,0"
0.64375,0,0,0,2,28.694266,-81.300342,0.643859954,"21,19,15,15,10,18,16,25,19,48,53,22,30,27,28,47,18,5,7,17,2,24,27,28,2,14,23,4,5,4,6,3,10,16,0,4,2,4,16,29,34,30,36,33,24,20,2,6,5,7,8,6,5,1,14,6,9,9,4,13,8,2,0,4,8,10,3,12,14,4,1,0,0,0,1,0,1,0,8,2,4,14,8,5,7,0,4,4,1,7,9,3,7,16,8,29,3,3,1,4,7,11,0,4,0,0,2,0,7,10,0,0,1,3,4,20,1,2,2,4,0,2,2,10,20,11,5,0,0,2,0,3,17,5,7,11,5,12,10,9,16,19,36,6,21,23,16,16,30,10,17,8,10,5,5,14,15,12,9,22,19,9,29,32,37,8,35,32,16,21,17,37,51,33,20,17,24,27,46,46,39,34,10,0,5,3,2,2,8,9,1,1,0,0,0,0,2,0,0,0,2,4,4,10,1,1,1,0,0,0"
0.644444444,0,0,0,4,28.6942655,-81.300343,0.644652778,"21,19,15,15,10,18,16,25,19,48,53,22,30,27,28,47,18,5,7,17,2,24,27,28,2,14,23,4,5,4,6,3,10,16,0,4,2,4,16,29,34,30,36,33,24,20,2,6,5,7,8,6,5,1,14,6,9,9,4,13,8,2,0,4,8,10,3,12,14,4,1,0,0,0,1,0,1,0,8,2,4,14,8,5,7,0,4,4,1,7,9,3,7,16,8,29,3,3,1,4,7,11,0,4,0,0,2,0,7,10,0,0,1,3,4,20,1,2,2,4,0,2,2,10,20,11,5,0,0,2,0,3,17,5,7,11,5,12,10,9,16,19,36,6,21,23,16,16,30,10,17,8,10,5,5,14,15,12,9,22,19,9,29,32,37,8,35,32,16,21,17,37,51,33,20,17,24,27,46,46,39,34,10,0,5,3,2,2,8,9,1,1,0,0,0,0,2,0,0,0,2,4,4,10,1,1,1,0,0,0,0"
0.645138889,0,0,0,1,28.694257,-81.300341,0.645648148,"21,19,15,15,10,18,16,25,19,48,53,22,30,27,28,47,18,5,7,17,2,24,27,28,2,14,23,4,5,4,6,3,10,16,0,4,2,4,16,29,34,30,36,33,24,20,2,6,5,7,8,6,5,1,14,6,9,9,4,13,8,2,0,4,8,10,3,12,14,4,1,0,0,0,1,0,1,0,8,2,4,14,8,5,7,0,4,4,1,7,9,3,7,16,8,29,3,3,1,4,7,11,0,4,0,0,2,0,7,10,0,0,1,3,4,20,1,2,2,4,0,2,2,10,20,11,5,0,0,2,0,3,17,5,7,11,5,12,10,9,16,19,36,6,21,23,16,16,30,10,17,8,10,5,5,14,15,12,9,22,19,9,29,32,37,8,35,32,16,21,17,37,51,33,20,17,24,27,46,46,39,34,10,0,5,3,2,2,8,9,1,1,0,0,0,0,2,0,0,0,2,4,4,10,1,1,1,0,0,0,0,0"
0.645833333,0,0,0,3,28.69425533,-81.30034067,0.646003086,"21,19,15,15,10,18,16,25,19,48,53,22,30,27,28,47,18,5,7,17,2,24,27,28,2,14,23,4,5,4,6,3,10,16,0,4,2,4,16,29,34,30,36,33,24,20,2,6,5,7,8,6,5,1,14,6,9,9,4,13,8,2,0,4,8,10,3,12,14,4,1,0,0,0,1,0,1,0,8,2,4,14,8,5,7,0,4,4,1,7,9,3,7,16,8,29,3,3,1,4,7,11,0,4,0,0,2,0,7,10,0,0,1,3,4,20,1,2,2,4,0,2,2,10,20,11,5,0,0,2,0,3,17,5,7,11,5,12,10,9,16,19,36,6,21,23,16,16,30,10,17,8,10,5,5,14,15,12,9,22,19,9,29,32,37,8,35,32,16,21,17,37,51,33,20,17,24,27,46,46,39,34,10,0,5,3,2,2,8,9,1,1,0,0,0,0,2,0,0,0,2,4,4,10,1,1,1,0,0,0,0,0,0"
0.646527778,0,0,0,2,28.694252,-81.30034,0.647193287,"21,19,15,15,10,18,16,25,19,48,53,22,30,27,28,47,18,5,7,17,2,24,27,28,2,14,23,4,5,4,6,3,10,16,0,4,2,4,16,29,34,30,36,33,24,20,2,6,5,7,8,6,5,1,14,6,9,9,4,13,8,2,0,4,8,10,3,12,14,4,1,0,0,0,1,0,1,0,8,2,4,14,8,5,7,0,4,4,1,7,9,3,7,16,8,29,3,3,1,4,7,11,0,4,0,0,2,0,7,10,0,0,1,3,4,20,1,2,2,4,0,2,2,10,20,11,5,0,0,2,0,3,17,5,7,11,5,12,10,9,16,19,36,6,21,23,16,16,30,10,17,8,10,5,5,14,15,12,9,22,19,9,29,32,37,8,35,32,16,21,17,37,51,33,20,17,24,27,46,46,39,34,10,0,5,3,2,2,8,9,1,1,0,0,0,0,2,0,0,0,2,4,4,10,1,1,1,0,0,0,0,0,0,0"
0.647222222,0,2,0,2,28.69425,-81.3003375,0.647372685,"21,19,15,15,10,18,16,25,19,48,53,22,30,27,28,47,18,5,7,17,2,24,27,28,2,14,23,4,5,4,6,3,10,16,0,4,2,4,16,29,34,30,36,33,24,20,2,6,5,7,8,6,5,1,14,6,9,9,4,13,8,2,0,4,8,10,3,12,14,4,1,0,0,0,1,0,1,0,8,2,4,14,8,5,7,0,4,4,1,7,9,3,7,16,8,29,3,3,1,4,7,11,0,4,0,0,2,0,7,10,0,0,1,3,4,20,1,2,2,4,0,2,2,10,20,11,5,0,0,2,0,3,17,5,7,11,5,12,10,9,16,19,36,6,21,23,16,16,30,10,17,8,10,5,5,14,15,12,9,22,19,9,29,32,37,8,35,32,16,21,17,37,51,33,20,17,24,27,46,46,39,34,10,0,5,3,2,2,8,9,1,1,0,0,0,0,2,0,0,0,2,4,4,10,1,1,1,0,0,0,0,0,0,0,2"
0.647916667,0,0,0,5,28.694251,-81.300333,0.648483796,"21,19,15,15,10,18,16,25,19,48,53,22,30,27,28,47,18,5,7,17,2,24,27,28,2,14,23,4,5,4,6,3,10,16,0,4,2,4,16,29,34,30,36,33,24,20,2,6,5,7,8,6,5,1,14,6,9,9,4,13,8,2,0,4,8,10,3,12,14,4,1,0,0,0,1,0,1,0,8,2,4,14,8,5,7,0,4,4,1,7,9,3,7,16,8,29,3,3,1,4,7,11,0,4,0,0,2,0,7,10,0,0,1,3,4,20,1,2,2,4,0,2,2,10,20,11,5,0,0,2,0,3,17,5,7,11,5,12,10,9,16,19,36,6,21,23,16,16,30,10,17,8,10,5,5,14,15,12,9,22,19,9,29,32,37,8,35,32,16,21,17,37,51,33,20,17,24,27,46,46,39,34,10,0,5,3,2,2,8,9,1,1,0,0,0,0,2,0,0,0,2,4,4,10,1,1,1,0,0,0,0,0,0,0,2,0"
0.65,0,0,0,3,28.694245,-81.300327,0.650343364,"21,19,15,15,10,18,16,25,19,48,53,22,30,27,28,47,18,5,7,17,2,24,27,28,2,14,23,4,5,4,6,3,10,16,0,4,2,4,16,29,34,30,36,33,24,20,2,6,5,7,8,6,5,1,14,6,9,9,4,13,8,2,0,4,8,10,3,12,14,4,1,0,0,0,1,0,1,0,8,2,4,14,8,5,7,0,4,4,1,7,9,3,7,16,8,29,3,3,1,4,7,11,0,4,0,0,2,0,7,10,0,0,1,3,4,20,1,2,2,4,0,2,2,10,20,11,5,0,0,2,0,3,17,5,7,11,5,12,10,9,16,19,36,6,21,23,16,16,30,10,17,8,10,5,5,14,15,12,9,22,19,9,29,32,37,8,35,32,16,21,17,37,51,33,20,17,24,27,46,46,39,34,10,0,5,3,2,2,8,9,1,1,0,0,0,0,2,0,0,0,2,4,4,10,1,1,1,0,0,0,0,0,0,0,2,0,0"
0.652083333,0,0,0,4,28.6942525,-81.3003305,0.652106481,"21,19,15,15,10,18,16,25,19,48,53,22,30,27,28,47,18,5,7,17,2,24,27,28,2,14,23,4,5,4,6,3,10,16,0,4,2,4,16,29,34,30,36,33,24,20,2,6,5,7,8,6,5,1,14,6,9,9,4,13,8,2,0,4,8,10,3,12,14,4,1,0,0,0,1,0,1,0,8,2,4,14,8,5,7,0,4,4,1,7,9,3,7,16,8,29,3,3,1,4,7,11,0,4,0,0,2,0,7,10,0,0,1,3,4,20,1,2,2,4,0,2,2,10,20,11,5,0,0,2,0,3,17,5,7,11,5,12,10,9,16,19,36,6,21,23,16,16,30,10,17,8,10,5,5,14,15,12,9,22,19,9,29,32,37,8,35,32,16,21,17,37,51,33,20,17,24,27,46,46,39,34,10,0,5,3,2,2,8,9,1,1,0,0,0,0,2,0,0,0,2,4,4,10,1,1,1,0,0,0,0,0,0,0,2,0,0,0"
0.653472222,0,0,0,1,28.694258,-81.300323,0.654016204,"21,19,15,15,10,18,16,25,19,48,53,22,30,27,28,47,18,5,7,17,2,24,27,28,2,14,23,4,5,4,6,3,10,16,0,4,2,4,16,29,34,30,36,33,24,20,2,6,5,7,8,6,5,1,14,6,9,9,4,13,8,2,0,4,8,10,3,12,14,4,1,0,0,0,1,0,1,0,8,2,4,14,8,5,7,0,4,4,1,7,9,3,7,16,8,29,3,3,1,4,7,11,0,4,0,0,2,0,7,10,0,0,1,3,4,20,1,2,2,4,0,2,2,10,20,11,5,0,0,2,0,3,17,5,7,11,5,12,10,9,16,19,36,6,21,23,16,16,30,10,17,8,10,5,5,14,15,12,9,22,19,9,29,32,37,8,35,32,16,21,17,37,51,33,20,17,24,27,46,46,39,34,10,0,5,3,2,2,8,9,1,1,0,0,0,0,2,0,0,0,2,4,4,10,1,1,1,0,0,0,0,0,0,0,2,0,0,0,0"
Grand Total,230,2386,756,142,28.69866237,-81.33113846,0.551358291,"21,19,15,15,10,18,16,25,19,48,53,22,30,27,28,47,18,5,7,17,2,24,27,28,2,14,23,4,5,4,6,3,10,16,0,4,2,4,16,29,34,30,36,33,24,20,2,6,5,7,8,6,5,1,14,6,9,9,4,13,8,2,0,4,8,10,3,12,14,4,1,0,0,0,1,0,1,0,8,2,4,14,8,5,7,0,4,4,1,7,9,3,7,16,8,29,3,3,1,4,7,11,0,4,0,0,2,0,7,10,0,0,1,3,4,20,1,2,2,4,0,2,2,10,20,11,5,0,0,2,0,3,17,5,7,11,5,12,10,9,16,19,36,6,21,23,16,16,30,10,17,8,10,5,5,14,15,12,9,22,19,9,29,32,37,8,35,32,16,21,17,37,51,33,20,17,24,27,46,46,39,34,10,0,5,3,2,2,8,9,1,1,0,0,0,0,2,0,0,0,2,4,4,10,1,1,1,0,0,0,0,0,0,0,2,0,0,0,0,2386"
